RunOrder,Replicate,A (Nozzle Diameter) ,B (Robot Speed),C (Extrusion Speed),C (Extrusion Speed in rpm),D (Layer Height),Layer Height,Layer Width
1,1.0,8.0,8.0,12.0,7.2,5.0,6.7,12.33
1,2.0,8.0,8.0,12.0,7.2,5.0,6.88,11.71
1,3.0,8.0,8.0,12.0,7.2,5.0,6.12,11.3
1,4.0,8.0,8.0,12.0,7.2,5.0,6.81,11.33
1,5.0,8.0,8.0,12.0,7.2,5.0,7.81,10.08
1,6.0,8.0,8.0,12.0,7.2,5.0,6.63,10.34
1,7.0,8.0,8.0,12.0,7.2,5.0,7.12,12.43
1,8.0,8.0,8.0,12.0,7.2,5.0,7.11,10.91
1,9.0,8.0,8.0,12.0,7.2,5.0,6.55,11.78
1,10.0,8.0,8.0,12.0,7.2,5.0,6.07,10.26
1,11.0,8.0,8.0,12.0,7.2,5.0,7.36,12.21
1,12.0,8.0,8.0,12.0,7.2,5.0,7.17,12.72
2,1.0,8.0,8.0,16.0,7.6,5.0,6.82,11.09
2,2.0,8.0,8.0,16.0,7.6,5.0,6.43,11.84
2,3.0,8.0,8.0,16.0,7.6,5.0,6.74,12.31
2,4.0,8.0,8.0,16.0,7.6,5.0,6.94,11.67
2,5.0,8.0,8.0,16.0,7.6,5.0,6.98,10.02
2,6.0,8.0,8.0,16.0,7.6,5.0,6.16,12.01
2,7.0,8.0,8.0,16.0,7.6,5.0,6.66,12.28
2,8.0,8.0,8.0,16.0,7.6,5.0,6.43,12.57
2,9.0,8.0,8.0,16.0,7.6,5.0,6.1,11.81
2,10.0,8.0,8.0,16.0,7.6,5.0,5.94,12.32
2,11.0,8.0,8.0,16.0,7.6,5.0,6.26,11.75
2,12.0,8.0,8.0,16.0,7.6,5.0,6.15,11.71
3,1.0,8.0,8.0,20.0,8.0,5.0,6.13,11.85
3,2.0,8.0,8.0,20.0,8.0,5.0,6.25,11.18
3,3.0,8.0,8.0,20.0,8.0,5.0,6.06,13.3
3,4.0,8.0,8.0,20.0,8.0,5.0,6.24,12.28
3,5.0,8.0,8.0,20.0,8.0,5.0,6.71,11.94
3,6.0,8.0,8.0,20.0,8.0,5.0,6.36,11.25
3,7.0,8.0,8.0,20.0,8.0,5.0,6.32,11.56
3,8.0,8.0,8.0,20.0,8.0,5.0,6.39,12.49
3,9.0,8.0,8.0,20.0,8.0,5.0,6.59,11.06
3,10.0,8.0,8.0,20.0,8.0,5.0,6.86,12.46
3,11.0,8.0,8.0,20.0,8.0,5.0,6.5,12.37
3,12.0,8.0,8.0,20.0,8.0,5.0,6.84,13.12
4,1.0,8.0,8.0,24.0,8.4,5.0,6.4,12.77
4,2.0,8.0,8.0,24.0,8.4,5.0,6.44,12.13
4,3.0,8.0,8.0,24.0,8.4,5.0,6.11,12.49
4,4.0,8.0,8.0,24.0,8.4,5.0,5.72,12.8
4,5.0,8.0,8.0,24.0,8.4,5.0,6.1,11.66
4,6.0,8.0,8.0,24.0,8.4,5.0,5.93,12.77
4,7.0,8.0,8.0,24.0,8.4,5.0,6.24,12.49
4,8.0,8.0,8.0,24.0,8.4,5.0,5.65,11.48
4,9.0,8.0,8.0,24.0,8.4,5.0,5.86,14.06
4,10.0,8.0,8.0,24.0,8.4,5.0,5.87,12.8
4,11.0,8.0,8.0,24.0,8.4,5.0,5.96,14.51
4,12.0,8.0,8.0,24.0,8.4,5.0,5.19,13.43
5,1.0,8.0,8.0,28.0,8.8,5.0,6.4,13.06
5,2.0,8.0,8.0,28.0,8.8,5.0,6.4,13.23
5,3.0,8.0,8.0,28.0,8.8,5.0,6.39,13.41
5,4.0,8.0,8.0,28.0,8.8,5.0,6.37,13.2
5,5.0,8.0,8.0,28.0,8.8,5.0,6.36,13.87
5,6.0,8.0,8.0,28.0,8.8,5.0,6.41,13.93
5,7.0,8.0,8.0,28.0,8.8,5.0,6.39,12.56
5,8.0,8.0,8.0,28.0,8.8,5.0,6.11,13.1
5,9.0,8.0,8.0,28.0,8.8,5.0,6.28,12.18
5,10.0,8.0,8.0,28.0,8.8,5.0,6.42,14.14
5,11.0,8.0,8.0,28.0,8.8,5.0,6.05,11.51
5,12.0,8.0,8.0,28.0,8.8,5.0,6.27,13.35
6,1.0,8.0,8.0,32.0,9.2,5.0,7.03,13.09
6,2.0,8.0,8.0,32.0,9.2,5.0,6.72,13.15
6,3.0,8.0,8.0,32.0,9.2,5.0,6.46,13.25
6,4.0,8.0,8.0,32.0,9.2,5.0,6.85,13.22
6,5.0,8.0,8.0,32.0,9.2,5.0,6.91,13.55
6,6.0,8.0,8.0,32.0,9.2,5.0,6.32,13.46
6,7.0,8.0,8.0,32.0,9.2,5.0,6.25,13.35
6,8.0,8.0,8.0,32.0,9.2,5.0,6.37,14.2
6,9.0,8.0,8.0,32.0,9.2,5.0,6.05,14.0
6,10.0,8.0,8.0,32.0,9.2,5.0,6.73,13.49
6,11.0,8.0,8.0,32.0,9.2,5.0,6.73,13.05
6,12.0,8.0,8.0,32.0,9.2,5.0,6.72,12.69
7,1.0,8.0,8.0,36.0,9.6,5.0,6.25,13.39
7,2.0,8.0,8.0,36.0,9.6,5.0,6.59,13.48
7,3.0,8.0,8.0,36.0,9.6,5.0,6.25,13.84
7,4.0,8.0,8.0,36.0,9.6,5.0,6.25,13.76
7,5.0,8.0,8.0,36.0,9.6,5.0,6.14,14.05
7,6.0,8.0,8.0,36.0,9.6,5.0,6.01,13.49
7,7.0,8.0,8.0,36.0,9.6,5.0,6.02,13.11
7,8.0,8.0,8.0,36.0,9.6,5.0,6.1,14.43
7,9.0,8.0,8.0,36.0,9.6,5.0,6.02,14.0
7,10.0,8.0,8.0,36.0,9.6,5.0,6.08,13.97
7,11.0,8.0,8.0,36.0,9.6,5.0,5.99,13.48
7,12.0,8.0,8.0,36.0,9.6,5.0,6.03,13.5
8 *,1.0,8.0,12.0,24.0,8.4,5.0,6.17,8.66
8 *,2.0,8.0,12.0,24.0,8.4,5.0,6.04,8.72
8 *,3.0,8.0,12.0,24.0,8.4,5.0,6.27,9.8
8 *,4.0,8.0,12.0,24.0,8.4,5.0,6.06,9.28
8 *,5.0,8.0,12.0,24.0,8.4,5.0,6.05,8.38
8 *,6.0,8.0,12.0,24.0,8.4,5.0,6.09,9.58
8 *,7.0,8.0,12.0,24.0,8.4,5.0,5.43,9.83
8 *,8.0,8.0,12.0,24.0,8.4,5.0,5.98,9.5
8 *,9.0,8.0,12.0,24.0,8.4,5.0,5.75,9.5
8 *,10.0,8.0,12.0,24.0,8.4,5.0,5.95,9.13
8 *,11.0,8.0,12.0,24.0,8.4,5.0,5.87,9.36
8 *,12.0,8.0,12.0,24.0,8.4,5.0,6.24,9.22
9,1.0,8.0,12.0,28.0,8.8,5.0,5.48,10.44
9,2.0,8.0,12.0,28.0,8.8,5.0,5.48,9.1
9,3.0,8.0,12.0,28.0,8.8,5.0,5.82,9.69
9,4.0,8.0,12.0,28.0,8.8,5.0,5.42,9.73
9,5.0,8.0,12.0,28.0,8.8,5.0,5.87,9.62
9,6.0,8.0,12.0,28.0,8.8,5.0,5.68,9.68
9,7.0,8.0,12.0,28.0,8.8,5.0,5.24,8.9
9,8.0,8.0,12.0,28.0,8.8,5.0,5.73,8.93
9,9.0,8.0,12.0,28.0,8.8,5.0,5.73,9.25
9,10.0,8.0,12.0,28.0,8.8,5.0,5.7,9.55
9,11.0,8.0,12.0,28.0,8.8,5.0,5.87,9.45
9,12.0,8.0,12.0,28.0,8.8,5.0,5.96,9.22
10,1.0,8.0,12.0,32.0,9.2,5.0,5.78,9.76
10,2.0,8.0,12.0,32.0,9.2,5.0,5.9,9.34
10,3.0,8.0,12.0,32.0,9.2,5.0,5.76,9.58
10,4.0,8.0,12.0,32.0,9.2,5.0,5.76,8.99
10,5.0,8.0,12.0,32.0,9.2,5.0,5.62,9.55
10,6.0,8.0,12.0,32.0,9.2,5.0,5.73,8.23
10,7.0,8.0,12.0,32.0,9.2,5.0,5.9,9.83
10,8.0,8.0,12.0,32.0,9.2,5.0,5.86,9.41
10,9.0,8.0,12.0,32.0,9.2,5.0,5.85,9.97
10,10.0,8.0,12.0,32.0,9.2,5.0,5.72,9.53
10,11.0,8.0,12.0,32.0,9.2,5.0,5.11,9.36
10,12.0,8.0,12.0,32.0,9.2,5.0,5.44,9.8
11,1.0,8.0,12.0,36.0,9.6,5.0,5.5,11.78
11,2.0,8.0,12.0,36.0,9.6,5.0,5.81,10.58
11,3.0,8.0,12.0,36.0,9.6,5.0,5.93,11.11
11,4.0,8.0,12.0,36.0,9.6,5.0,5.85,11.17
11,5.0,8.0,12.0,36.0,9.6,5.0,5.94,11.27
11,6.0,8.0,12.0,36.0,9.6,5.0,5.72,11.7
11,7.0,8.0,12.0,36.0,9.6,5.0,5.86,11.64
11,8.0,8.0,12.0,36.0,9.6,5.0,6.1,11.9
11,9.0,8.0,12.0,36.0,9.6,5.0,5.95,10.68
11,10.0,8.0,12.0,36.0,9.6,5.0,5.95,10.39
11,11.0,8.0,12.0,36.0,9.6,5.0,5.99,9.37
11,12.0,8.0,12.0,36.0,9.6,5.0,5.81,10.36
12*,1.0,8.0,12.0,40.0,10.0,5.0,5.42,10.4
12*,2.0,8.0,12.0,40.0,10.0,5.0,5.23,11.26
12*,3.0,8.0,12.0,40.0,10.0,5.0,5.34,10.72
12*,4.0,8.0,12.0,40.0,10.0,5.0,5.89,11.07
12*,5.0,8.0,12.0,40.0,10.0,5.0,5.21,10.63
12*,6.0,8.0,12.0,40.0,10.0,5.0,5.21,10.48
12*,7.0,8.0,12.0,40.0,10.0,5.0,5.57,10.23
12*,8.0,8.0,12.0,40.0,10.0,5.0,5.5,10.58
12*,9.0,8.0,12.0,40.0,10.0,5.0,5.44,10.6
12*,10.0,8.0,12.0,40.0,10.0,5.0,5.49,10.61
12*,11.0,8.0,12.0,40.0,10.0,5.0,5.02,10.81
12*,12.0,8.0,12.0,40.0,10.0,5.0,5.2,10.65
13,1.0,8.0,12.0,44.0,10.4,5.0,6.09,11.03
13,2.0,8.0,12.0,44.0,10.4,5.0,6.03,11.28
13,3.0,8.0,12.0,44.0,10.4,5.0,6.04,11.18
13,4.0,8.0,12.0,44.0,10.4,5.0,6.17,11.2
13,5.0,8.0,12.0,44.0,10.4,5.0,5.99,11.48
13,6.0,8.0,12.0,44.0,10.4,5.0,6.09,11.49
13,7.0,8.0,12.0,44.0,10.4,5.0,6.13,11.73
13,8.0,8.0,12.0,44.0,10.4,5.0,6.07,11.03
13,9.0,8.0,12.0,44.0,10.4,5.0,6.15,11.35
13,10.0,8.0,12.0,44.0,10.4,5.0,6.19,11.5
13,11.0,8.0,12.0,44.0,10.4,5.0,6.24,11.28
13,12.0,8.0,12.0,44.0,10.4,5.0,6.11,11.39
14,1.0,8.0,12.0,48.0,10.8,5.0,5.32,10.79
14,2.0,8.0,12.0,48.0,10.8,5.0,5.18,10.26
14,3.0,8.0,12.0,48.0,10.8,5.0,5.13,10.7
14,4.0,8.0,12.0,48.0,10.8,5.0,5.17,10.96
14,5.0,8.0,12.0,48.0,10.8,5.0,5.3,10.13
14,6.0,8.0,12.0,48.0,10.8,5.0,5.21,10.3
14,7.0,8.0,12.0,48.0,10.8,5.0,5.3,10.55
14,8.0,8.0,12.0,48.0,10.8,5.0,5.21,10.71
14,9.0,8.0,12.0,48.0,10.8,5.0,5.3,10.41
14,10.0,8.0,12.0,48.0,10.8,5.0,5.38,10.61
14,11.0,8.0,12.0,48.0,10.8,5.0,5.18,10.68
14,12.0,8.0,12.0,48.0,10.8,5.0,5.48,10.34
15,1.0,8.0,16.0,36.0,9.6,5.0,5.54,8.55
15,2.0,8.0,16.0,36.0,9.6,5.0,5.03,8.55
15,3.0,8.0,16.0,36.0,9.6,5.0,5.04,8.24
15,4.0,8.0,16.0,36.0,9.6,5.0,5.3,8.3
15,5.0,8.0,16.0,36.0,9.6,5.0,5.46,8.57
15,6.0,8.0,16.0,36.0,9.6,5.0,5.1,8.49
15,7.0,8.0,16.0,36.0,9.6,5.0,5.25,8.45
15,8.0,8.0,16.0,36.0,9.6,5.0,5.54,8.54
15,9.0,8.0,16.0,36.0,9.6,5.0,5.61,8.37
15,10.0,8.0,16.0,36.0,9.6,5.0,5.29,8.71
15,11.0,8.0,16.0,36.0,9.6,5.0,5.41,8.95
15,12.0,8.0,16.0,36.0,9.6,5.0,5.41,8.68
16,1.0,8.0,16.0,40.0,10.0,5.0,5.6,8.04
16,2.0,8.0,16.0,40.0,10.0,5.0,5.24,8.44
16,3.0,8.0,16.0,40.0,10.0,5.0,4.97,8.25
16,4.0,8.0,16.0,40.0,10.0,5.0,4.88,8.48
16,5.0,8.0,16.0,40.0,10.0,5.0,4.8,8.57
16,6.0,8.0,16.0,40.0,10.0,5.0,4.93,8.45
16,7.0,8.0,16.0,40.0,10.0,5.0,4.81,8.58
16,8.0,8.0,16.0,40.0,10.0,5.0,4.84,8.25
16,9.0,8.0,16.0,40.0,10.0,5.0,4.84,8.49
16,10.0,8.0,16.0,40.0,10.0,5.0,4.93,8.3
16,11.0,8.0,16.0,40.0,10.0,5.0,4.74,8.32
16,12.0,8.0,16.0,40.0,10.0,5.0,4.86,8.15
17,1.0,8.0,16.0,44.0,10.4,5.0,4.89,8.89
17,2.0,8.0,16.0,44.0,10.4,5.0,4.76,8.53
17,3.0,8.0,16.0,44.0,10.4,5.0,4.66,8.51
17,4.0,8.0,16.0,44.0,10.4,5.0,4.97,8.42
17,5.0,8.0,16.0,44.0,10.4,5.0,4.97,8.81
17,6.0,8.0,16.0,44.0,10.4,5.0,4.87,8.62
17,7.0,8.0,16.0,44.0,10.4,5.0,4.77,8.54
17,8.0,8.0,16.0,44.0,10.4,5.0,4.91,8.57
17,9.0,8.0,16.0,44.0,10.4,5.0,4.99,8.65
17,10.0,8.0,16.0,44.0,10.4,5.0,5.02,8.85
17,11.0,8.0,16.0,44.0,10.4,5.0,5.12,8.88
17,12.0,8.0,16.0,44.0,10.4,5.0,5.29,8.67
18*,1.0,8.0,16.0,48.0,10.8,5.0,4.96,8.44
18*,2.0,8.0,16.0,48.0,10.8,5.0,4.96,8.9
18*,3.0,8.0,16.0,48.0,10.8,5.0,5.29,8.32
18*,4.0,8.0,16.0,48.0,10.8,5.0,5.15,8.45
18*,5.0,8.0,16.0,48.0,10.8,5.0,5.32,8.47
18*,6.0,8.0,16.0,48.0,10.8,5.0,5.03,8.53
18*,7.0,8.0,16.0,48.0,10.8,5.0,5.02,8.73
18*,8.0,8.0,16.0,48.0,10.8,5.0,4.97,8.58
18*,9.0,8.0,16.0,48.0,10.8,5.0,5.0,8.84
18*,10.0,8.0,16.0,48.0,10.8,5.0,5.18,8.58
18*,11.0,8.0,16.0,48.0,10.8,5.0,5.06,8.89
18*,12.0,8.0,16.0,48.0,10.8,5.0,5.16,9.02
19,1.0,8.0,16.0,52.0,11.2,5.0,4.5,9.57
19,2.0,8.0,16.0,52.0,11.2,5.0,4.91,10.14
19,3.0,8.0,16.0,52.0,11.2,5.0,5.04,9.68
19,4.0,8.0,16.0,52.0,11.2,5.0,5.31,9.99
19,5.0,8.0,16.0,52.0,11.2,5.0,5.11,9.94
19,6.0,8.0,16.0,52.0,11.2,5.0,5.45,9.88
19,7.0,8.0,16.0,52.0,11.2,5.0,5.19,9.55
19,8.0,8.0,16.0,52.0,11.2,5.0,5.76,9.31
19,9.0,8.0,16.0,52.0,11.2,5.0,5.23,9.28
19,10.0,8.0,16.0,52.0,11.2,5.0,4.94,9.32
19,11.0,8.0,16.0,52.0,11.2,5.0,4.88,9.23
19,12.0,8.0,16.0,52.0,11.2,5.0,4.9,9.25
20,1.0,8.0,16.0,56.0,11.6,5.0,5.2,8.62
20,2.0,8.0,16.0,56.0,11.6,5.0,4.87,8.66
20,3.0,8.0,16.0,56.0,11.6,5.0,5.06,8.61
20,4.0,8.0,16.0,56.0,11.6,5.0,4.82,8.71
20,5.0,8.0,16.0,56.0,11.6,5.0,4.7,8.46
20,6.0,8.0,16.0,56.0,11.6,5.0,4.65,8.7
20,7.0,8.0,16.0,56.0,11.6,5.0,4.61,8.74
20,8.0,8.0,16.0,56.0,11.6,5.0,4.67,8.59
20,9.0,8.0,16.0,56.0,11.6,5.0,4.68,8.94
20,10.0,8.0,16.0,56.0,11.6,5.0,4.74,9.1
20,11.0,8.0,16.0,56.0,11.6,5.0,4.84,9.07
20,12.0,8.0,16.0,56.0,11.6,5.0,4.82,9.02
21,1.0,8.0,16.0,60.0,12.0,5.0,5.6,9.53
21,2.0,8.0,16.0,60.0,12.0,5.0,5.7,9.62
21,3.0,8.0,16.0,60.0,12.0,5.0,5.07,9.58
21,4.0,8.0,16.0,60.0,12.0,5.0,5.19,9.9
21,5.0,8.0,16.0,60.0,12.0,5.0,5.13,9.7
21,6.0,8.0,16.0,60.0,12.0,5.0,5.24,9.87
21,7.0,8.0,16.0,60.0,12.0,5.0,5.36,9.88
21,8.0,8.0,16.0,60.0,12.0,5.0,5.64,9.9
21,9.0,8.0,16.0,60.0,12.0,5.0,5.49,9.84
21,10.0,8.0,16.0,60.0,12.0,5.0,5.76,9.83
21,11.0,8.0,16.0,60.0,12.0,5.0,5.85,9.9
21,12.0,8.0,16.0,60.0,12.0,5.0,5.82,9.93
22 (break at 1 point),1.0,8.0,20.0,48.0,10.8,5.0,5.96,9.5
22 (break at 1 point),2.0,8.0,20.0,48.0,10.8,5.0,5.68,10.6
22 (break at 1 point),3.0,8.0,20.0,48.0,10.8,5.0,5.62,8.78
22 (break at 1 point),4.0,8.0,20.0,48.0,10.8,5.0,5.82,10.52
22 (break at 1 point),5.0,8.0,20.0,48.0,10.8,5.0,5.99,9.64
22 (break at 1 point),6.0,8.0,20.0,48.0,10.8,5.0,6.43,9.17
22 (break at 1 point),7.0,8.0,20.0,48.0,10.8,5.0,5.48,9.55
22 (break at 1 point),8.0,8.0,20.0,48.0,10.8,5.0,5.32,9.38
22 (break at 1 point),9.0,8.0,20.0,48.0,10.8,5.0,5.54,9.62
22 (break at 1 point),10.0,8.0,20.0,48.0,10.8,5.0,5.83,8.32
22 (break at 1 point),11.0,8.0,20.0,48.0,10.8,5.0,5.25,8.06
22 (break at 1 point),12.0,8.0,20.0,48.0,10.8,5.0,5.54,7.63
23 (break at 2 points),1.0,8.0,20.0,52.0,11.2,5.0,6.34,9.87
23 (break at 2 points),2.0,8.0,20.0,52.0,11.2,5.0,5.95,9.39
23 (break at 2 points),3.0,8.0,20.0,52.0,11.2,5.0,5.92,8.99
23 (break at 2 points),4.0,8.0,20.0,52.0,11.2,5.0,6.15,9.02
23 (break at 2 points),5.0,8.0,20.0,52.0,11.2,5.0,6.26,9.52
23 (break at 2 points),6.0,8.0,20.0,52.0,11.2,5.0,5.33,9.33
23 (break at 2 points),7.0,8.0,20.0,52.0,11.2,5.0,5.91,9.18
23 (break at 2 points),8.0,8.0,20.0,52.0,11.2,5.0,5.42,7.81
23 (break at 2 points),9.0,8.0,20.0,52.0,11.2,5.0,5.94,8.44
23 (break at 2 points),10.0,8.0,20.0,52.0,11.2,5.0,6.1,8.75
23 (break at 2 points),11.0,8.0,20.0,52.0,11.2,5.0,5.65,8.95
23 (break at 2 points),12.0,8.0,20.0,52.0,11.2,5.0,5.43,8.75
24 (break at 3 points),1.0,8.0,20.0,56.0,11.6,5.0,5.67,8.73
24 (break at 3 points),2.0,8.0,20.0,56.0,11.6,5.0,5.28,10.16
24 (break at 3 points),3.0,8.0,20.0,56.0,11.6,5.0,5.7,10.66
24 (break at 3 points),4.0,8.0,20.0,56.0,11.6,5.0,6.55,9.07
24 (break at 3 points),5.0,8.0,20.0,56.0,11.6,5.0,5.18,8.11
24 (break at 3 points),6.0,8.0,20.0,56.0,11.6,5.0,5.71,8.02
24 (break at 3 points),7.0,8.0,20.0,56.0,11.6,5.0,5.97,7.94
24 (break at 3 points),8.0,8.0,20.0,56.0,11.6,5.0,5.56,8.73
24 (break at 3 points),9.0,8.0,20.0,56.0,11.6,5.0,6.46,9.41
24 (break at 3 points),10.0,8.0,20.0,56.0,11.6,5.0,6.24,10.05
24 (break at 3 points),11.0,8.0,20.0,56.0,11.6,5.0,5.5,9.57
24 (break at 3 points),12.0,8.0,20.0,56.0,11.6,5.0,5.98,10.21
25*,1.0,8.0,20.0,60.0,12.0,5.0,5.49,9.98
25*,2.0,8.0,20.0,60.0,12.0,5.0,5.54,9.65
25*,3.0,8.0,20.0,60.0,12.0,5.0,5.58,9.35
25*,4.0,8.0,20.0,60.0,12.0,5.0,5.95,9.04
25*,5.0,8.0,20.0,60.0,12.0,5.0,5.24,9.65
25*,6.0,8.0,20.0,60.0,12.0,5.0,5.37,10.02
25*,7.0,8.0,20.0,60.0,12.0,5.0,5.32,10.13
25*,8.0,8.0,20.0,60.0,12.0,5.0,5.18,9.43
25*,9.0,8.0,20.0,60.0,12.0,5.0,5.71,9.97
25*,10.0,8.0,20.0,60.0,12.0,5.0,5.17,9.42
25*,11.0,8.0,20.0,60.0,12.0,5.0,5.8,9.51
25*,12.0,8.0,20.0,60.0,12.0,5.0,5.66,9.47
26 (break at 1 point),1.0,8.0,20.0,64.0,12.4,5.0,5.22,9.26
26 (break at 1 point),2.0,8.0,20.0,64.0,12.4,5.0,5.07,9.65
26 (break at 1 point),3.0,8.0,20.0,64.0,12.4,5.0,5.12,9.9
26 (break at 1 point),4.0,8.0,20.0,64.0,12.4,5.0,5.74,9.93
26 (break at 1 point),5.0,8.0,20.0,64.0,12.4,5.0,5.61,9.99
26 (break at 1 point),6.0,8.0,20.0,64.0,12.4,5.0,5.26,9.88
26 (break at 1 point),7.0,8.0,20.0,64.0,12.4,5.0,5.24,9.72
26 (break at 1 point),8.0,8.0,20.0,64.0,12.4,5.0,5.43,9.55
26 (break at 1 point),9.0,8.0,20.0,64.0,12.4,5.0,5.61,9.8
26 (break at 1 point),10.0,8.0,20.0,64.0,12.4,5.0,5.05,9.41
26 (break at 1 point),11.0,8.0,20.0,64.0,12.4,5.0,5.67,9.53
26 (break at 1 point),12.0,8.0,20.0,64.0,12.4,5.0,5.95,9.89
27,1.0,8.0,20.0,68.0,12.8,5.0,6.3,9.77
27,2.0,8.0,20.0,68.0,12.8,5.0,6.36,9.91
27,3.0,8.0,20.0,68.0,12.8,5.0,6.82,9.88
27,4.0,8.0,20.0,68.0,12.8,5.0,5.68,9.62
27,5.0,8.0,20.0,68.0,12.8,5.0,6.33,9.31
27,6.0,8.0,20.0,68.0,12.8,5.0,6.02,8.66
27,7.0,8.0,20.0,68.0,12.8,5.0,6.18,10.08
27,8.0,8.0,20.0,68.0,12.8,5.0,6.06,10.44
27,9.0,8.0,20.0,68.0,12.8,5.0,6.11,9.85
27,10.0,8.0,20.0,68.0,12.8,5.0,5.89,10.07
27,11.0,8.0,20.0,68.0,12.8,5.0,6.05,9.71
27,12.0,8.0,20.0,68.0,12.8,5.0,6.46,9.88
28 (break at 2 points),1.0,8.0,20.0,72.0,13.2,5.0,5.62,9.09
28 (break at 2 points),2.0,8.0,20.0,72.0,13.2,5.0,5.36,10.22
28 (break at 2 points),3.0,8.0,20.0,72.0,13.2,5.0,5.33,10.36
28 (break at 2 points),4.0,8.0,20.0,72.0,13.2,5.0,5.35,10.51
28 (break at 2 points),5.0,8.0,20.0,72.0,13.2,5.0,5.32,10.38
28 (break at 2 points),6.0,8.0,20.0,72.0,13.2,5.0,5.17,10.57
28 (break at 2 points),7.0,8.0,20.0,72.0,13.2,5.0,5.69,10.55
28 (break at 2 points),8.0,8.0,20.0,72.0,13.2,5.0,5.7,10.66
28 (break at 2 points),9.0,8.0,20.0,72.0,13.2,5.0,5.59,9.79
28 (break at 2 points),10.0,8.0,20.0,72.0,13.2,5.0,5.71,10.5
28 (break at 2 points),11.0,8.0,20.0,72.0,13.2,5.0,5.69,9.93
28 (break at 2 points),12.0,8.0,20.0,72.0,13.2,5.0,5.66,9.9
29 (break at 2 points),1.0,8.0,24.0,60.0,12.0,5.0,5.8,8.03
29 (break at 2 points),2.0,8.0,24.0,60.0,12.0,5.0,5.88,8.31
29 (break at 2 points),3.0,8.0,24.0,60.0,12.0,5.0,5.72,8.64
29 (break at 2 points),4.0,8.0,24.0,60.0,12.0,5.0,5.55,8.44
29 (break at 2 points),5.0,8.0,24.0,60.0,12.0,5.0,5.79,8.62
29 (break at 2 points),6.0,8.0,24.0,60.0,12.0,5.0,5.64,8.14
29 (break at 2 points),7.0,8.0,24.0,60.0,12.0,5.0,5.68,8.72
29 (break at 2 points),8.0,8.0,24.0,60.0,12.0,5.0,5.25,8.57
29 (break at 2 points),9.0,8.0,24.0,60.0,12.0,5.0,5.22,8.65
29 (break at 2 points),10.0,8.0,24.0,60.0,12.0,5.0,5.54,8.2
29 (break at 2 points),11.0,8.0,24.0,60.0,12.0,5.0,5.76,8.96
29 (break at 2 points),12.0,8.0,24.0,60.0,12.0,5.0,5.51,8.89
30 (4mm break at 1 point),1.0,8.0,24.0,64.0,12.4,5.0,5.08,8.95
30 (4mm break at 1 point),2.0,8.0,24.0,64.0,12.4,5.0,4.54,10.44
30 (4mm break at 1 point),3.0,8.0,24.0,64.0,12.4,5.0,4.46,10.17
30 (4mm break at 1 point),4.0,8.0,24.0,64.0,12.4,5.0,4.51,10.23
30 (4mm break at 1 point),5.0,8.0,24.0,64.0,12.4,5.0,5.08,9.96
30 (4mm break at 1 point),6.0,8.0,24.0,64.0,12.4,5.0,5.35,9.74
30 (4mm break at 1 point),7.0,8.0,24.0,64.0,12.4,5.0,4.93,9.2
30 (4mm break at 1 point),8.0,8.0,24.0,64.0,12.4,5.0,5.01,8.99
30 (4mm break at 1 point),9.0,8.0,24.0,64.0,12.4,5.0,5.04,8.95
30 (4mm break at 1 point),10.0,8.0,24.0,64.0,12.4,5.0,5.09,8.64
30 (4mm break at 1 point),11.0,8.0,24.0,64.0,12.4,5.0,5.08,8.52
30 (4mm break at 1 point),12.0,8.0,24.0,64.0,12.4,5.0,4.91,8.83
31 (break at 3 points),1.0,8.0,24.0,68.0,12.8,5.0,5.31,9.37
31 (break at 3 points),2.0,8.0,24.0,68.0,12.8,5.0,5.47,7.36
31 (break at 3 points),3.0,8.0,24.0,68.0,12.8,5.0,5.18,9.68
31 (break at 3 points),4.0,8.0,24.0,68.0,12.8,5.0,5.24,9.14
31 (break at 3 points),5.0,8.0,24.0,68.0,12.8,5.0,5.42,9.08
31 (break at 3 points),6.0,8.0,24.0,68.0,12.8,5.0,5.51,9.84
31 (break at 3 points),7.0,8.0,24.0,68.0,12.8,5.0,5.19,9.21
31 (break at 3 points),8.0,8.0,24.0,68.0,12.8,5.0,5.83,9.84
31 (break at 3 points),9.0,8.0,24.0,68.0,12.8,5.0,5.44,9.81
31 (break at 3 points),10.0,8.0,24.0,68.0,12.8,5.0,5.37,8.79
31 (break at 3 points),11.0,8.0,24.0,68.0,12.8,5.0,5.57,9.65
31 (break at 3 points),12.0,8.0,24.0,68.0,12.8,5.0,5.42,9.52
32 (2mm at 1 point + break at 3 points),1.0,8.0,24.0,72.0,13.2,5.0,5.35,7.96
32 (2mm at 1 point + break at 3 points),2.0,8.0,24.0,72.0,13.2,5.0,5.03,8.49
32 (2mm at 1 point + break at 3 points),3.0,8.0,24.0,72.0,13.2,5.0,4.53,7.91
32 (2mm at 1 point + break at 3 points),4.0,8.0,24.0,72.0,13.2,5.0,5.37,7.92
32 (2mm at 1 point + break at 3 points),5.0,8.0,24.0,72.0,13.2,5.0,5.35,9.01
32 (2mm at 1 point + break at 3 points),6.0,8.0,24.0,72.0,13.2,5.0,5.33,8.91
32 (2mm at 1 point + break at 3 points),7.0,8.0,24.0,72.0,13.2,5.0,5.46,9.51
32 (2mm at 1 point + break at 3 points),8.0,8.0,24.0,72.0,13.2,5.0,5.44,9.18
32 (2mm at 1 point + break at 3 points),9.0,8.0,24.0,72.0,13.2,5.0,5.45,9.31
32 (2mm at 1 point + break at 3 points),10.0,8.0,24.0,72.0,13.2,5.0,5.49,9.02
32 (2mm at 1 point + break at 3 points),11.0,8.0,24.0,72.0,13.2,5.0,5.51,8.42
32 (2mm at 1 point + break at 3 points),12.0,8.0,24.0,72.0,13.2,5.0,5.38,7.7
33 (break at 1 point),1.0,8.0,24.0,76.0,13.6,5.0,5.56,8.26
33 (break at 1 point),2.0,8.0,24.0,76.0,13.6,5.0,5.52,8.44
33 (break at 1 point),3.0,8.0,24.0,76.0,13.6,5.0,5.34,8.24
33 (break at 1 point),4.0,8.0,24.0,76.0,13.6,5.0,5.4,9.12
33 (break at 1 point),5.0,8.0,24.0,76.0,13.6,5.0,5.41,8.54
33 (break at 1 point),6.0,8.0,24.0,76.0,13.6,5.0,5.43,8.28
33 (break at 1 point),7.0,8.0,24.0,76.0,13.6,5.0,5.43,8.52
33 (break at 1 point),8.0,8.0,24.0,76.0,13.6,5.0,5.56,8.48
33 (break at 1 point),9.0,8.0,24.0,76.0,13.6,5.0,5.55,8.83
33 (break at 1 point),10.0,8.0,24.0,76.0,13.6,5.0,5.04,9.01
33 (break at 1 point),11.0,8.0,24.0,76.0,13.6,5.0,5.0,9.03
33 (break at 1 point),12.0,8.0,24.0,76.0,13.6,5.0,4.95,8.53
34 (break at 2 points),1.0,8.0,24.0,80.0,14.0,5.0,4.76,8.35
34 (break at 2 points),2.0,8.0,24.0,80.0,14.0,5.0,4.73,8.96
34 (break at 2 points),3.0,8.0,24.0,80.0,14.0,5.0,5.08,8.84
34 (break at 2 points),4.0,8.0,24.0,80.0,14.0,5.0,5.01,9.37
34 (break at 2 points),5.0,8.0,24.0,80.0,14.0,5.0,5.16,9.33
34 (break at 2 points),6.0,8.0,24.0,80.0,14.0,5.0,5.05,9.2
34 (break at 2 points),7.0,8.0,24.0,80.0,14.0,5.0,5.04,8.07
34 (break at 2 points),8.0,8.0,24.0,80.0,14.0,5.0,5.19,7.95
34 (break at 2 points),9.0,8.0,24.0,80.0,14.0,5.0,5.2,8.71
34 (break at 2 points),10.0,8.0,24.0,80.0,14.0,5.0,5.2,8.92
34 (break at 2 points),11.0,8.0,24.0,80.0,14.0,5.0,5.17,8.61
34 (break at 2 points),12.0,8.0,24.0,80.0,14.0,5.0,5.14,7.95
35 (break at 1 point),1.0,8.0,24.0,84.0,14.4,5.0,5.13,7.29
35 (break at 1 point),2.0,8.0,24.0,84.0,14.4,5.0,5.35,8.93
35 (break at 1 point),3.0,8.0,24.0,84.0,14.4,5.0,5.37,8.07
35 (break at 1 point),4.0,8.0,24.0,84.0,14.4,5.0,5.29,8.54
35 (break at 1 point),5.0,8.0,24.0,84.0,14.4,5.0,5.3,9.1
35 (break at 1 point),6.0,8.0,24.0,84.0,14.4,5.0,5.3,9.11
35 (break at 1 point),7.0,8.0,24.0,84.0,14.4,5.0,5.3,8.74
35 (break at 1 point),8.0,8.0,24.0,84.0,14.4,5.0,5.22,8.9
35 (break at 1 point),9.0,8.0,24.0,84.0,14.4,5.0,5.2,9.51
35 (break at 1 point),10.0,8.0,24.0,84.0,14.4,5.0,4.99,8.69
35 (break at 1 point),11.0,8.0,24.0,84.0,14.4,5.0,4.89,8.88
35 (break at 1 point),12.0,8.0,24.0,84.0,14.4,5.0,5.03,8.27
36 (11 mm break at 1 point + 3 mm break at 1 point),1.0,8.0,28.0,72.0,13.2,5.0,5.05,7.35
36 (11 mm break at 1 point + 3 mm break at 1 point),2.0,8.0,28.0,72.0,13.2,5.0,5.18,7.24
36 (11 mm break at 1 point + 3 mm break at 1 point),3.0,8.0,28.0,72.0,13.2,5.0,5.2,8.63
36 (11 mm break at 1 point + 3 mm break at 1 point),4.0,8.0,28.0,72.0,13.2,5.0,5.22,8.26
36 (11 mm break at 1 point + 3 mm break at 1 point),5.0,8.0,28.0,72.0,13.2,5.0,5.14,7.44
36 (11 mm break at 1 point + 3 mm break at 1 point),6.0,8.0,28.0,72.0,13.2,5.0,5.01,7.46
36 (11 mm break at 1 point + 3 mm break at 1 point),7.0,8.0,28.0,72.0,13.2,5.0,5.43,9.37
36 (11 mm break at 1 point + 3 mm break at 1 point),8.0,8.0,28.0,72.0,13.2,5.0,5.43,9.37
36 (11 mm break at 1 point + 3 mm break at 1 point),9.0,8.0,28.0,72.0,13.2,5.0,5.37,8.23
36 (11 mm break at 1 point + 3 mm break at 1 point),10.0,8.0,28.0,72.0,13.2,5.0,5.36,8.9
36 (11 mm break at 1 point + 3 mm break at 1 point),11.0,8.0,28.0,72.0,13.2,5.0,5.24,8.81
36 (11 mm break at 1 point + 3 mm break at 1 point),12.0,8.0,28.0,72.0,13.2,5.0,5.27,8.52
37 (9 mm break at 1 point + break at 2 points),1.0,8.0,28.0,76.0,13.6,5.0,5.25,8.07
37 (9 mm break at 1 point + break at 2 points),2.0,8.0,28.0,76.0,13.6,5.0,5.22,7.93
37 (9 mm break at 1 point + break at 2 points),3.0,8.0,28.0,76.0,13.6,5.0,5.05,7.55
37 (9 mm break at 1 point + break at 2 points),4.0,8.0,28.0,76.0,13.6,5.0,4.7,7.61
37 (9 mm break at 1 point + break at 2 points),5.0,8.0,28.0,76.0,13.6,5.0,4.81,7.66
37 (9 mm break at 1 point + break at 2 points),6.0,8.0,28.0,76.0,13.6,5.0,5.06,8.24
37 (9 mm break at 1 point + break at 2 points),7.0,8.0,28.0,76.0,13.6,5.0,5.02,8.06
37 (9 mm break at 1 point + break at 2 points),8.0,8.0,28.0,76.0,13.6,5.0,5.05,8.01
37 (9 mm break at 1 point + break at 2 points),9.0,8.0,28.0,76.0,13.6,5.0,5.43,9.37
37 (9 mm break at 1 point + break at 2 points),10.0,8.0,28.0,76.0,13.6,5.0,5.03,9.35
37 (9 mm break at 1 point + break at 2 points),11.0,8.0,28.0,76.0,13.6,5.0,5.04,9.71
37 (9 mm break at 1 point + break at 2 points),12.0,8.0,28.0,76.0,13.6,5.0,5.03,8.54
38 (2 mm break at 1 point + break at 2 points),1.0,8.0,28.0,80.0,14.0,5.0,5.11,8.53
38 (2 mm break at 1 point + break at 2 points),2.0,8.0,28.0,80.0,14.0,5.0,5.43,9.37
38 (2 mm break at 1 point + break at 2 points),3.0,8.0,28.0,80.0,14.0,5.0,4.97,8.24
38 (2 mm break at 1 point + break at 2 points),4.0,8.0,28.0,80.0,14.0,5.0,4.7,7.15
38 (2 mm break at 1 point + break at 2 points),5.0,8.0,28.0,80.0,14.0,5.0,5.31,7.78
38 (2 mm break at 1 point + break at 2 points),6.0,8.0,28.0,80.0,14.0,5.0,5.3,8.09
38 (2 mm break at 1 point + break at 2 points),7.0,8.0,28.0,80.0,14.0,5.0,5.27,8.37
38 (2 mm break at 1 point + break at 2 points),8.0,8.0,28.0,80.0,14.0,5.0,5.26,8.47
38 (2 mm break at 1 point + break at 2 points),9.0,8.0,28.0,80.0,14.0,5.0,5.2,8.3
38 (2 mm break at 1 point + break at 2 points),10.0,8.0,28.0,80.0,14.0,5.0,5.2,7.92
38 (2 mm break at 1 point + break at 2 points),11.0,8.0,28.0,80.0,14.0,5.0,5.55,8.5
38 (2 mm break at 1 point + break at 2 points),12.0,8.0,28.0,80.0,14.0,5.0,5.55,8.91
39 (7mm break at 1 point + break at 1 point),1.0,8.0,28.0,84.0,14.4,5.0,5.22,8.66
39 (7mm break at 1 point + break at 1 point),2.0,8.0,28.0,84.0,14.4,5.0,5.43,9.37
39 (7mm break at 1 point + break at 1 point),3.0,8.0,28.0,84.0,14.4,5.0,4.73,7.81
39 (7mm break at 1 point + break at 1 point),4.0,8.0,28.0,84.0,14.4,5.0,5.31,7.88
39 (7mm break at 1 point + break at 1 point),5.0,8.0,28.0,84.0,14.4,5.0,5.32,8.27
39 (7mm break at 1 point + break at 1 point),6.0,8.0,28.0,84.0,14.4,5.0,5.28,8.82
39 (7mm break at 1 point + break at 1 point),7.0,8.0,28.0,84.0,14.4,5.0,5.06,7.75
39 (7mm break at 1 point + break at 1 point),8.0,8.0,28.0,84.0,14.4,5.0,5.01,8.19
39 (7mm break at 1 point + break at 1 point),9.0,8.0,28.0,84.0,14.4,5.0,4.99,8.03
39 (7mm break at 1 point + break at 1 point),10.0,8.0,28.0,84.0,14.4,5.0,5.01,8.18
39 (7mm break at 1 point + break at 1 point),11.0,8.0,28.0,84.0,14.4,5.0,4.85,8.12
39 (7mm break at 1 point + break at 1 point),12.0,8.0,28.0,84.0,14.4,5.0,5.06,7.95
40 (11mm break at 1 point + break at 1 point),1.0,8.0,28.0,88.0,14.8,5.0,4.76,9.24
40 (11mm break at 1 point + break at 1 point),2.0,8.0,28.0,88.0,14.8,5.0,4.76,8.99
40 (11mm break at 1 point + break at 1 point),3.0,8.0,28.0,88.0,14.8,5.0,4.81,8.27
40 (11mm break at 1 point + break at 1 point),4.0,8.0,28.0,88.0,14.8,5.0,4.81,8.94
40 (11mm break at 1 point + break at 1 point),5.0,8.0,28.0,88.0,14.8,5.0,4.7,8.69
40 (11mm break at 1 point + break at 1 point),6.0,8.0,28.0,88.0,14.8,5.0,4.66,8.68
40 (11mm break at 1 point + break at 1 point),7.0,8.0,28.0,88.0,14.8,5.0,5.43,9.37
40 (11mm break at 1 point + break at 1 point),8.0,8.0,28.0,88.0,14.8,5.0,5.59,8.97
40 (11mm break at 1 point + break at 1 point),9.0,8.0,28.0,88.0,14.8,5.0,5.56,9.45
40 (11mm break at 1 point + break at 1 point),10.0,8.0,28.0,88.0,14.8,5.0,5.4,9.64
40 (11mm break at 1 point + break at 1 point),11.0,8.0,28.0,88.0,14.8,5.0,5.18,9.51
40 (11mm break at 1 point + break at 1 point),12.0,8.0,28.0,88.0,14.8,5.0,5.13,9.06
41 (3mm break at 1 point + break at 1 point),1.0,8.0,28.0,92.0,15.2,5.0,5.08,9.23
41 (3mm break at 1 point + break at 1 point),2.0,8.0,28.0,92.0,15.2,5.0,4.82,9.13
41 (3mm break at 1 point + break at 1 point),3.0,8.0,28.0,92.0,15.2,5.0,4.8,9.09
41 (3mm break at 1 point + break at 1 point),4.0,8.0,28.0,92.0,15.2,5.0,5.43,9.37
41 (3mm break at 1 point + break at 1 point),5.0,8.0,28.0,92.0,15.2,5.0,4.69,9.1
41 (3mm break at 1 point + break at 1 point),6.0,8.0,28.0,92.0,15.2,5.0,4.7,9.09
41 (3mm break at 1 point + break at 1 point),7.0,8.0,28.0,92.0,15.2,5.0,4.9,8.57
41 (3mm break at 1 point + break at 1 point),8.0,8.0,28.0,92.0,15.2,5.0,4.21,7.52
41 (3mm break at 1 point + break at 1 point),9.0,8.0,28.0,92.0,15.2,5.0,4.9,9.49
41 (3mm break at 1 point + break at 1 point),10.0,8.0,28.0,92.0,15.2,5.0,4.77,9.53
41 (3mm break at 1 point + break at 1 point),11.0,8.0,28.0,92.0,15.2,5.0,4.7,8.66
41 (3mm break at 1 point + break at 1 point),12.0,8.0,28.0,92.0,15.2,5.0,4.89,8.95
42 (4mm break at 1 point + 2mm break at 1 point + break at 1 point),1.0,8.0,28.0,96.0,15.6,5.0,4.6,8.94
42 (4mm break at 1 point + 2mm break at 1 point + break at 1 point),2.0,8.0,28.0,96.0,15.6,5.0,4.61,9.14
42 (4mm break at 1 point + 2mm break at 1 point + break at 1 point),3.0,8.0,28.0,96.0,15.6,5.0,4.64,8.21
42 (4mm break at 1 point + 2mm break at 1 point + break at 1 point),4.0,8.0,28.0,96.0,15.6,5.0,4.97,9.3
42 (4mm break at 1 point + 2mm break at 1 point + break at 1 point),5.0,8.0,28.0,96.0,15.6,5.0,4.74,9.19
42 (4mm break at 1 point + 2mm break at 1 point + break at 1 point),6.0,8.0,28.0,96.0,15.6,5.0,4.66,8.31
42 (4mm break at 1 point + 2mm break at 1 point + break at 1 point),7.0,8.0,28.0,96.0,15.6,5.0,4.57,7.38
42 (4mm break at 1 point + 2mm break at 1 point + break at 1 point),8.0,8.0,28.0,96.0,15.6,5.0,4.94,8.3
42 (4mm break at 1 point + 2mm break at 1 point + break at 1 point),9.0,8.0,28.0,96.0,15.6,5.0,4.59,8.94
42 (4mm break at 1 point + 2mm break at 1 point + break at 1 point),10.0,8.0,28.0,96.0,15.6,5.0,5.43,9.37
42 (4mm break at 1 point + 2mm break at 1 point + break at 1 point),11.0,8.0,28.0,96.0,15.6,5.0,4.99,9.13
42 (4mm break at 1 point + 2mm break at 1 point + break at 1 point),12.0,8.0,28.0,96.0,15.6,5.0,4.8,9.2
43,1.0,8.0,32.0,84.0,14.4,5.0,5.43,9.37
43,2.0,8.0,32.0,84.0,14.4,5.0,5.43,9.37
43,3.0,8.0,32.0,84.0,14.4,5.0,5.43,9.37
43,4.0,8.0,32.0,84.0,14.4,5.0,5.43,9.37
43,5.0,8.0,32.0,84.0,14.4,5.0,5.43,9.37
43,6.0,8.0,32.0,84.0,14.4,5.0,5.43,9.37
43,7.0,8.0,32.0,84.0,14.4,5.0,5.43,9.37
43,8.0,8.0,32.0,84.0,14.4,5.0,5.43,9.37
43,9.0,8.0,32.0,84.0,14.4,5.0,5.43,9.37
43,10.0,8.0,32.0,84.0,14.4,5.0,5.43,9.37
43,11.0,8.0,32.0,84.0,14.4,5.0,5.43,9.37
43,12.0,8.0,32.0,84.0,14.4,5.0,5.43,9.37
44,1.0,8.0,32.0,88.0,14.8,5.0,5.43,9.37
44,2.0,8.0,32.0,88.0,14.8,5.0,5.43,9.37
44,3.0,8.0,32.0,88.0,14.8,5.0,5.43,9.37
44,4.0,8.0,32.0,88.0,14.8,5.0,5.43,9.37
44,5.0,8.0,32.0,88.0,14.8,5.0,5.43,9.37
44,6.0,8.0,32.0,88.0,14.8,5.0,5.43,9.37
44,7.0,8.0,32.0,88.0,14.8,5.0,5.43,9.37
44,8.0,8.0,32.0,88.0,14.8,5.0,5.43,9.37
44,9.0,8.0,32.0,88.0,14.8,5.0,5.43,9.37
44,10.0,8.0,32.0,88.0,14.8,5.0,5.43,9.37
44,11.0,8.0,32.0,88.0,14.8,5.0,5.43,9.37
44,12.0,8.0,32.0,88.0,14.8,5.0,5.43,9.37
45,1.0,8.0,32.0,92.0,15.2,5.0,5.43,9.37
45,2.0,8.0,32.0,92.0,15.2,5.0,5.43,9.37
45,3.0,8.0,32.0,92.0,15.2,5.0,5.43,9.37
45,4.0,8.0,32.0,92.0,15.2,5.0,5.43,9.37
45,5.0,8.0,32.0,92.0,15.2,5.0,5.43,9.37
45,6.0,8.0,32.0,92.0,15.2,5.0,5.43,9.37
45,7.0,8.0,32.0,92.0,15.2,5.0,5.43,9.37
45,8.0,8.0,32.0,92.0,15.2,5.0,5.43,9.37
45,9.0,8.0,32.0,92.0,15.2,5.0,5.43,9.37
45,10.0,8.0,32.0,92.0,15.2,5.0,5.43,9.37
45,11.0,8.0,32.0,92.0,15.2,5.0,5.43,9.37
45,12.0,8.0,32.0,92.0,15.2,5.0,5.43,9.37
46,1.0,8.0,32.0,96.0,15.6,5.0,5.43,9.37
46,2.0,8.0,32.0,96.0,15.6,5.0,5.43,9.37
46,3.0,8.0,32.0,96.0,15.6,5.0,5.43,9.37
46,4.0,8.0,32.0,96.0,15.6,5.0,5.43,9.37
46,5.0,8.0,32.0,96.0,15.6,5.0,5.43,9.37
46,6.0,8.0,32.0,96.0,15.6,5.0,5.43,9.37
46,7.0,8.0,32.0,96.0,15.6,5.0,5.43,9.37
46,8.0,8.0,32.0,96.0,15.6,5.0,5.43,9.37
46,9.0,8.0,32.0,96.0,15.6,5.0,5.43,9.37
46,10.0,8.0,32.0,96.0,15.6,5.0,5.43,9.37
46,11.0,8.0,32.0,96.0,15.6,5.0,5.43,9.37
46,12.0,8.0,32.0,96.0,15.6,5.0,5.43,9.37
47,1.0,8.0,32.0,100.0,16.0,5.0,5.43,9.37
47,2.0,8.0,32.0,100.0,16.0,5.0,5.43,9.37
47,3.0,8.0,32.0,100.0,16.0,5.0,5.43,9.37
47,4.0,8.0,32.0,100.0,16.0,5.0,5.43,9.37
47,5.0,8.0,32.0,100.0,16.0,5.0,5.43,9.37
47,6.0,8.0,32.0,100.0,16.0,5.0,5.43,9.37
47,7.0,8.0,32.0,100.0,16.0,5.0,5.43,9.37
47,8.0,8.0,32.0,100.0,16.0,5.0,5.43,9.37
47,9.0,8.0,32.0,100.0,16.0,5.0,5.43,9.37
47,10.0,8.0,32.0,100.0,16.0,5.0,5.43,9.37
47,11.0,8.0,32.0,100.0,16.0,5.0,5.43,9.37
47,12.0,8.0,32.0,100.0,16.0,5.0,5.43,9.37
48,1.0,8.0,32.0,104.0,16.4,5.0,5.43,9.37
48,2.0,8.0,32.0,104.0,16.4,5.0,5.43,9.37
48,3.0,8.0,32.0,104.0,16.4,5.0,5.43,9.37
48,4.0,8.0,32.0,104.0,16.4,5.0,5.43,9.37
48,5.0,8.0,32.0,104.0,16.4,5.0,5.43,9.37
48,6.0,8.0,32.0,104.0,16.4,5.0,5.43,9.37
48,7.0,8.0,32.0,104.0,16.4,5.0,5.43,9.37
48,8.0,8.0,32.0,104.0,16.4,5.0,5.43,9.37
48,9.0,8.0,32.0,104.0,16.4,5.0,5.43,9.37
48,10.0,8.0,32.0,104.0,16.4,5.0,5.43,9.37
48,11.0,8.0,32.0,104.0,16.4,5.0,5.43,9.37
48,12.0,8.0,32.0,104.0,16.4,5.0,5.43,9.37
49,1.0,8.0,32.0,108.0,16.8,5.0,5.43,9.37
49,2.0,8.0,32.0,108.0,16.8,5.0,5.43,9.37
49,3.0,8.0,32.0,108.0,16.8,5.0,5.43,9.37
49,4.0,8.0,32.0,108.0,16.8,5.0,5.43,9.37
49,5.0,8.0,32.0,108.0,16.8,5.0,5.43,9.37
49,6.0,8.0,32.0,108.0,16.8,5.0,5.43,9.37
49,7.0,8.0,32.0,108.0,16.8,5.0,5.43,9.37
49,8.0,8.0,32.0,108.0,16.8,5.0,5.43,9.37
49,9.0,8.0,32.0,108.0,16.8,5.0,5.43,9.37
49,10.0,8.0,32.0,108.0,16.8,5.0,5.43,9.37
49,11.0,8.0,32.0,108.0,16.8,5.0,5.43,9.37
49,12.0,8.0,32.0,108.0,16.8,5.0,5.43,9.37
50,1.0,8.0,36.0,96.0,15.6,5.0,5.43,9.37
50,2.0,8.0,36.0,96.0,15.6,5.0,5.43,9.37
50,3.0,8.0,36.0,96.0,15.6,5.0,5.43,9.37
50,4.0,8.0,36.0,96.0,15.6,5.0,5.43,9.37
50,5.0,8.0,36.0,96.0,15.6,5.0,5.43,9.37
50,6.0,8.0,36.0,96.0,15.6,5.0,5.43,9.37
50,7.0,8.0,36.0,96.0,15.6,5.0,5.43,9.37
50,8.0,8.0,36.0,96.0,15.6,5.0,5.43,9.37
50,9.0,8.0,36.0,96.0,15.6,5.0,5.43,9.37
50,10.0,8.0,36.0,96.0,15.6,5.0,5.43,9.37
50,11.0,8.0,36.0,96.0,15.6,5.0,5.43,9.37
50,12.0,8.0,36.0,96.0,15.6,5.0,5.43,9.37
51,1.0,8.0,36.0,100.0,16.0,5.0,5.43,9.37
51,2.0,8.0,36.0,100.0,16.0,5.0,5.43,9.37
51,3.0,8.0,36.0,100.0,16.0,5.0,5.43,9.37
51,4.0,8.0,36.0,100.0,16.0,5.0,5.43,9.37
51,5.0,8.0,36.0,100.0,16.0,5.0,5.43,9.37
51,6.0,8.0,36.0,100.0,16.0,5.0,5.43,9.37
51,7.0,8.0,36.0,100.0,16.0,5.0,5.43,9.37
51,8.0,8.0,36.0,100.0,16.0,5.0,5.43,9.37
51,9.0,8.0,36.0,100.0,16.0,5.0,5.43,9.37
51,10.0,8.0,36.0,100.0,16.0,5.0,5.43,9.37
51,11.0,8.0,36.0,100.0,16.0,5.0,5.43,9.37
51,12.0,8.0,36.0,100.0,16.0,5.0,5.43,9.37
52,1.0,8.0,36.0,104.0,16.4,5.0,5.43,9.37
52,2.0,8.0,36.0,104.0,16.4,5.0,5.43,9.37
52,3.0,8.0,36.0,104.0,16.4,5.0,5.43,9.37
52,4.0,8.0,36.0,104.0,16.4,5.0,5.43,9.37
52,5.0,8.0,36.0,104.0,16.4,5.0,5.43,9.37
52,6.0,8.0,36.0,104.0,16.4,5.0,5.43,9.37
52,7.0,8.0,36.0,104.0,16.4,5.0,5.43,9.37
52,8.0,8.0,36.0,104.0,16.4,5.0,5.43,9.37
52,9.0,8.0,36.0,104.0,16.4,5.0,5.43,9.37
52,10.0,8.0,36.0,104.0,16.4,5.0,5.43,9.37
52,11.0,8.0,36.0,104.0,16.4,5.0,5.43,9.37
52,12.0,8.0,36.0,104.0,16.4,5.0,5.43,9.37
53,1.0,8.0,36.0,108.0,16.8,5.0,5.43,9.37
53,2.0,8.0,36.0,108.0,16.8,5.0,5.43,9.37
53,3.0,8.0,36.0,108.0,16.8,5.0,5.43,9.37
53,4.0,8.0,36.0,108.0,16.8,5.0,5.43,9.37
53,5.0,8.0,36.0,108.0,16.8,5.0,5.43,9.37
53,6.0,8.0,36.0,108.0,16.8,5.0,5.43,9.37
53,7.0,8.0,36.0,108.0,16.8,5.0,5.43,9.37
53,8.0,8.0,36.0,108.0,16.8,5.0,5.43,9.37
53,9.0,8.0,36.0,108.0,16.8,5.0,5.43,9.37
53,10.0,8.0,36.0,108.0,16.8,5.0,5.43,9.37
53,11.0,8.0,36.0,108.0,16.8,5.0,5.43,9.37
53,12.0,8.0,36.0,108.0,16.8,5.0,5.43,9.37
54,1.0,8.0,36.0,112.0,17.2,5.0,5.43,9.37
54,2.0,8.0,36.0,112.0,17.2,5.0,5.43,9.37
54,3.0,8.0,36.0,112.0,17.2,5.0,5.43,9.37
54,4.0,8.0,36.0,112.0,17.2,5.0,5.43,9.37
54,5.0,8.0,36.0,112.0,17.2,5.0,5.43,9.37
54,6.0,8.0,36.0,112.0,17.2,5.0,5.43,9.37
54,7.0,8.0,36.0,112.0,17.2,5.0,5.43,9.37
54,8.0,8.0,36.0,112.0,17.2,5.0,5.43,9.37
54,9.0,8.0,36.0,112.0,17.2,5.0,5.43,9.37
54,10.0,8.0,36.0,112.0,17.2,5.0,5.43,9.37
54,11.0,8.0,36.0,112.0,17.2,5.0,5.43,9.37
54,12.0,8.0,36.0,112.0,17.2,5.0,5.43,9.37
55,1.0,8.0,36.0,116.0,17.6,5.0,5.43,9.37
55,2.0,8.0,36.0,116.0,17.6,5.0,5.43,9.37
55,3.0,8.0,36.0,116.0,17.6,5.0,5.43,9.37
55,4.0,8.0,36.0,116.0,17.6,5.0,5.43,9.37
55,5.0,8.0,36.0,116.0,17.6,5.0,5.43,9.37
55,6.0,8.0,36.0,116.0,17.6,5.0,5.43,9.37
55,7.0,8.0,36.0,116.0,17.6,5.0,5.43,9.37
55,8.0,8.0,36.0,116.0,17.6,5.0,5.43,9.37
55,9.0,8.0,36.0,116.0,17.6,5.0,5.43,9.37
55,10.0,8.0,36.0,116.0,17.6,5.0,5.43,9.37
55,11.0,8.0,36.0,116.0,17.6,5.0,5.43,9.37
55,12.0,8.0,36.0,116.0,17.6,5.0,5.43,9.37
56,1.0,8.0,36.0,120.0,18.0,5.0,5.43,9.37
56,2.0,8.0,36.0,120.0,18.0,5.0,5.43,9.37
56,3.0,8.0,36.0,120.0,18.0,5.0,5.43,9.37
56,4.0,8.0,36.0,120.0,18.0,5.0,5.43,9.37
56,5.0,8.0,36.0,120.0,18.0,5.0,5.43,9.37
56,6.0,8.0,36.0,120.0,18.0,5.0,5.43,9.37
56,7.0,8.0,36.0,120.0,18.0,5.0,5.43,9.37
56,8.0,8.0,36.0,120.0,18.0,5.0,5.43,9.37
56,9.0,8.0,36.0,120.0,18.0,5.0,5.43,9.37
56,10.0,8.0,36.0,120.0,18.0,5.0,5.43,9.37
56,11.0,8.0,36.0,120.0,18.0,5.0,5.43,9.37
56,12.0,8.0,36.0,120.0,18.0,5.0,5.43,9.37
