run_order,replicate,pressure,nozzle_diameter,robot_speed,do,extrusion_speed,slice_height,layer_height,layer_width,notes
1,1,50,8,8,12,7.2,5,6.7,12.33,
1,2,50,8,8,12,7.2,5,6.88,11.71,
1,3,50,8,8,12,7.2,5,6.12,11.3,
1,4,50,8,8,12,7.2,5,6.81,11.33,
1,5,50,8,8,12,7.2,5,7.81,10.08,
1,6,50,8,8,12,7.2,5,6.63,10.34,
1,7,50,8,8,12,7.2,5,7.12,12.43,
1,8,50,8,8,12,7.2,5,7.11,10.91,
1,9,50,8,8,12,7.2,5,6.55,11.78,
1,10,50,8,8,12,7.2,5,6.07,10.26,
1,11,50,8,8,12,7.2,5,7.36,12.21,
1,12,50,8,8,12,7.2,5,7.17,12.72,
2,1,50,8,8,16,7.6,5,6.82,11.09,
2,2,50,8,8,16,7.6,5,6.43,11.84,
2,3,50,8,8,16,7.6,5,6.74,12.31,
2,4,50,8,8,16,7.6,5,6.94,11.67,
2,5,50,8,8,16,7.6,5,6.98,10.02,
2,6,50,8,8,16,7.6,5,6.16,12.01,
2,7,50,8,8,16,7.6,5,6.66,12.28,
2,8,50,8,8,16,7.6,5,6.43,12.57,
2,9,50,8,8,16,7.6,5,6.1,11.81,
2,10,50,8,8,16,7.6,5,5.94,12.32,
2,11,50,8,8,16,7.6,5,6.26,11.75,
2,12,50,8,8,16,7.6,5,6.15,11.71,
3,1,50,8,8,20,8,5,6.13,11.85,
3,2,50,8,8,20,8,5,6.25,11.18,
3,3,50,8,8,20,8,5,6.06,13.3,
3,4,50,8,8,20,8,5,6.24,12.28,
3,5,50,8,8,20,8,5,6.71,11.94,
3,6,50,8,8,20,8,5,6.36,11.25,
3,7,50,8,8,20,8,5,6.32,11.56,
3,8,50,8,8,20,8,5,6.39,12.49,
3,9,50,8,8,20,8,5,6.59,11.06,
3,10,50,8,8,20,8,5,6.86,12.46,
3,11,50,8,8,20,8,5,6.5,12.37,
3,12,50,8,8,20,8,5,6.84,13.12,
4,1,50,8,8,24,8.4,5,6.4,12.77,
4,2,50,8,8,24,8.4,5,6.44,12.13,
4,3,50,8,8,24,8.4,5,6.11,12.49,
4,4,50,8,8,24,8.4,5,5.72,12.8,
4,5,50,8,8,24,8.4,5,6.1,11.66,
4,6,50,8,8,24,8.4,5,5.93,12.77,
4,7,50,8,8,24,8.4,5,6.24,12.49,
4,8,50,8,8,24,8.4,5,5.65,11.48,
4,9,50,8,8,24,8.4,5,5.86,14.06,
4,10,50,8,8,24,8.4,5,5.87,12.8,
4,11,50,8,8,24,8.4,5,5.96,14.51,
4,12,50,8,8,24,8.4,5,5.19,13.43,
5,1,50,8,8,28,8.8,5,6.4,13.06,
5,2,50,8,8,28,8.8,5,6.4,13.23,
5,3,50,8,8,28,8.8,5,6.39,13.41,
5,4,50,8,8,28,8.8,5,6.37,13.2,
5,5,50,8,8,28,8.8,5,6.36,13.87,
5,6,50,8,8,28,8.8,5,6.41,13.93,
5,7,50,8,8,28,8.8,5,6.39,12.56,
5,8,50,8,8,28,8.8,5,6.11,13.1,
5,9,50,8,8,28,8.8,5,6.28,12.18,
5,10,50,8,8,28,8.8,5,6.42,14.14,
5,11,50,8,8,28,8.8,5,6.05,11.51,
5,12,50,8,8,28,8.8,5,6.27,13.35,
6,1,50,8,8,32,9.2,5,7.03,13.09,
6,2,50,8,8,32,9.2,5,6.72,13.15,
6,3,50,8,8,32,9.2,5,6.46,13.25,
6,4,50,8,8,32,9.2,5,6.85,13.22,
6,5,50,8,8,32,9.2,5,6.91,13.55,
6,6,50,8,8,32,9.2,5,6.32,13.46,
6,7,50,8,8,32,9.2,5,6.25,13.35,
6,8,50,8,8,32,9.2,5,6.37,14.2,
6,9,50,8,8,32,9.2,5,6.05,14,
6,10,50,8,8,32,9.2,5,6.73,13.49,
6,11,50,8,8,32,9.2,5,6.73,13.05,
6,12,50,8,8,32,9.2,5,6.72,12.69,
7,1,50,8,8,36,9.6,5,6.25,13.39,
7,2,50,8,8,36,9.6,5,6.59,13.48,
7,3,50,8,8,36,9.6,5,6.25,13.84,
7,4,50,8,8,36,9.6,5,6.25,13.76,
7,5,50,8,8,36,9.6,5,6.14,14.05,
7,6,50,8,8,36,9.6,5,6.01,13.49,
7,7,50,8,8,36,9.6,5,6.02,13.11,
7,8,50,8,8,36,9.6,5,6.1,14.43,
7,9,50,8,8,36,9.6,5,6.02,14,
7,10,50,8,8,36,9.6,5,6.08,13.97,
7,11,50,8,8,36,9.6,5,5.99,13.48,
7,12,50,8,8,36,9.6,5,6.03,13.5,
8,1,50,8,12,24,8.4,5,6.17,8.66,
8,2,50,8,12,24,8.4,5,6.04,8.72,
8,3,50,8,12,24,8.4,5,6.27,9.8,
8,4,50,8,12,24,8.4,5,6.06,9.28,
8,5,50,8,12,24,8.4,5,6.05,8.38,
8,6,50,8,12,24,8.4,5,6.09,9.58,
8,7,50,8,12,24,8.4,5,5.43,9.83,
8,8,50,8,12,24,8.4,5,5.98,9.5,
8,9,50,8,12,24,8.4,5,5.75,9.5,
8,10,50,8,12,24,8.4,5,5.95,9.13,
8,11,50,8,12,24,8.4,5,5.87,9.36,
8,12,50,8,12,24,8.4,5,6.24,9.22,
9,1,50,8,12,28,8.8,5,5.48,10.44,
9,2,50,8,12,28,8.8,5,5.48,9.1,
9,3,50,8,12,28,8.8,5,5.82,9.69,
9,4,50,8,12,28,8.8,5,5.42,9.73,
9,5,50,8,12,28,8.8,5,5.87,9.62,
9,6,50,8,12,28,8.8,5,5.68,9.68,
9,7,50,8,12,28,8.8,5,5.24,8.9,
9,8,50,8,12,28,8.8,5,5.73,8.93,
9,9,50,8,12,28,8.8,5,5.73,9.25,
9,10,50,8,12,28,8.8,5,5.7,9.55,
9,11,50,8,12,28,8.8,5,5.87,9.45,
9,12,50,8,12,28,8.8,5,5.96,9.22,
10,1,50,8,12,32,9.2,5,5.78,9.76,
10,2,50,8,12,32,9.2,5,5.9,9.34,
10,3,50,8,12,32,9.2,5,5.76,9.58,
10,4,50,8,12,32,9.2,5,5.76,8.99,
10,5,50,8,12,32,9.2,5,5.62,9.55,
10,6,50,8,12,32,9.2,5,5.73,8.23,
10,7,50,8,12,32,9.2,5,5.9,9.83,
10,8,50,8,12,32,9.2,5,5.86,9.41,
10,9,50,8,12,32,9.2,5,5.85,9.97,
10,10,50,8,12,32,9.2,5,5.72,9.53,
10,11,50,8,12,32,9.2,5,5.11,9.36,
10,12,50,8,12,32,9.2,5,5.44,9.8,
11,1,50,8,12,36,9.6,5,5.5,11.78,
11,2,50,8,12,36,9.6,5,5.81,10.58,
11,3,50,8,12,36,9.6,5,5.93,11.11,
11,4,50,8,12,36,9.6,5,5.85,11.17,
11,5,50,8,12,36,9.6,5,5.94,11.27,
11,6,50,8,12,36,9.6,5,5.72,11.7,
11,7,50,8,12,36,9.6,5,5.86,11.64,
11,8,50,8,12,36,9.6,5,6.1,11.9,
11,9,50,8,12,36,9.6,5,5.95,10.68,
11,10,50,8,12,36,9.6,5,5.95,10.39,
11,11,50,8,12,36,9.6,5,5.99,10.38,
11,12,50,8,12,36,9.6,5,5.81,10.36,
12,1,50,8,12,40,10,5,5.42,10.4,
12,2,50,8,12,40,10,5,5.23,11.26,
12,3,50,8,12,40,10,5,5.34,10.72,
12,4,50,8,12,40,10,5,5.89,11.07,
12,5,50,8,12,40,10,5,5.21,10.63,
12,6,50,8,12,40,10,5,5.21,10.48,
12,7,50,8,12,40,10,5,5.57,10.23,
12,8,50,8,12,40,10,5,5.5,10.58,
12,9,50,8,12,40,10,5,5.44,10.6,
12,10,50,8,12,40,10,5,5.49,10.61,
12,11,50,8,12,40,10,5,5.02,10.81,
12,12,50,8,12,40,10,5,5.2,10.65,
13,1,50,8,12,44,10.4,5,6.09,11.03,
13,2,50,8,12,44,10.4,5,6.03,11.28,
13,3,50,8,12,44,10.4,5,6.04,11.18,
13,4,50,8,12,44,10.4,5,6.17,11.2,
13,5,50,8,12,44,10.4,5,5.99,11.48,
13,6,50,8,12,44,10.4,5,6.09,11.49,
13,7,50,8,12,44,10.4,5,6.13,11.73,
13,8,50,8,12,44,10.4,5,6.07,11.03,
13,9,50,8,12,44,10.4,5,6.15,11.35,
13,10,50,8,12,44,10.4,5,6.19,11.5,
13,11,50,8,12,44,10.4,5,6.24,11.28,
13,12,50,8,12,44,10.4,5,6.11,11.39,
14,1,50,8,12,48,10.8,5,5.32,10.79,
14,2,50,8,12,48,10.8,5,5.18,10.26,
14,3,50,8,12,48,10.8,5,5.13,10.7,
14,4,50,8,12,48,10.8,5,5.17,10.96,
14,5,50,8,12,48,10.8,5,5.3,10.13,
14,6,50,8,12,48,10.8,5,5.21,10.3,
14,7,50,8,12,48,10.8,5,5.3,10.55,
14,8,50,8,12,48,10.8,5,5.21,10.71,
14,9,50,8,12,48,10.8,5,5.3,10.41,
14,10,50,8,12,48,10.8,5,5.38,10.61,
14,11,50,8,12,48,10.8,5,5.18,10.68,
14,12,50,8,12,48,10.8,5,5.48,10.34,
15,1,50,8,16,36,9.6,5,5.54,8.55,
15,2,50,8,16,36,9.6,5,5.03,8.55,
15,3,50,8,16,36,9.6,5,5.04,8.24,
15,4,50,8,16,36,9.6,5,5.3,8.3,
15,5,50,8,16,36,9.6,5,5.46,8.57,
15,6,50,8,16,36,9.6,5,5.1,8.49,
15,7,50,8,16,36,9.6,5,5.25,8.45,
15,8,50,8,16,36,9.6,5,5.54,8.54,
15,9,50,8,16,36,9.6,5,5.61,8.37,
15,10,50,8,16,36,9.6,5,5.29,8.71,
15,11,50,8,16,36,9.6,5,5.41,8.95,
15,12,50,8,16,36,9.6,5,5.41,8.68,
16,1,50,8,16,40,10,5,5.6,8.04,
16,2,50,8,16,40,10,5,5.24,8.44,
16,3,50,8,16,40,10,5,4.97,8.25,
16,4,50,8,16,40,10,5,4.88,8.48,
16,5,50,8,16,40,10,5,4.8,8.57,
16,6,50,8,16,40,10,5,4.93,8.45,
16,7,50,8,16,40,10,5,4.81,8.58,
16,8,50,8,16,40,10,5,4.84,8.25,
16,9,50,8,16,40,10,5,4.84,8.49,
16,10,50,8,16,40,10,5,4.93,8.3,
16,11,50,8,16,40,10,5,4.74,8.32,
16,12,50,8,16,40,10,5,4.86,8.15,
17,1,50,8,16,44,10.4,5,4.89,8.89,
17,2,50,8,16,44,10.4,5,4.76,8.53,
17,3,50,8,16,44,10.4,5,4.66,8.51,
17,4,50,8,16,44,10.4,5,4.97,8.42,
17,5,50,8,16,44,10.4,5,4.97,8.81,
17,6,50,8,16,44,10.4,5,4.87,8.62,
17,7,50,8,16,44,10.4,5,4.77,8.54,
17,8,50,8,16,44,10.4,5,4.91,8.57,
17,9,50,8,16,44,10.4,5,4.99,8.65,
17,10,50,8,16,44,10.4,5,5.02,8.85,
17,11,50,8,16,44,10.4,5,5.12,8.88,
17,12,50,8,16,44,10.4,5,5.29,8.67,
18,1,50,8,16,48,10.8,5,4.96,8.44,
18,2,50,8,16,48,10.8,5,4.96,8.9,
18,3,50,8,16,48,10.8,5,5.29,8.32,
18,4,50,8,16,48,10.8,5,5.15,8.45,
18,5,50,8,16,48,10.8,5,5.32,8.47,
18,6,50,8,16,48,10.8,5,5.03,8.53,
18,7,50,8,16,48,10.8,5,5.02,8.73,
18,8,50,8,16,48,10.8,5,4.97,8.58,
18,9,50,8,16,48,10.8,5,5,8.84,
18,10,50,8,16,48,10.8,5,5.18,8.58,
18,11,50,8,16,48,10.8,5,5.06,8.89,
18,12,50,8,16,48,10.8,5,5.16,9.02,
19,1,50,8,16,52,11.2,5,4.5,9.57,
19,2,50,8,16,52,11.2,5,4.91,10.14,
19,3,50,8,16,52,11.2,5,5.04,9.68,
19,4,50,8,16,52,11.2,5,5.31,9.99,
19,5,50,8,16,52,11.2,5,5.11,9.94,
19,6,50,8,16,52,11.2,5,5.45,9.88,
19,7,50,8,16,52,11.2,5,5.19,9.55,
19,8,50,8,16,52,11.2,5,5.76,9.31,
19,9,50,8,16,52,11.2,5,5.23,9.28,
19,10,50,8,16,52,11.2,5,4.94,9.32,
19,11,50,8,16,52,11.2,5,4.88,9.23,
19,12,50,8,16,52,11.2,5,4.9,9.25,
20,1,50,8,16,56,11.6,5,5.2,8.62,
20,2,50,8,16,56,11.6,5,4.87,8.66,
20,3,50,8,16,56,11.6,5,5.06,8.61,
20,4,50,8,16,56,11.6,5,4.82,8.71,
20,5,50,8,16,56,11.6,5,4.7,8.46,
20,6,50,8,16,56,11.6,5,4.65,8.7,
20,7,50,8,16,56,11.6,5,4.61,8.74,
20,8,50,8,16,56,11.6,5,4.67,8.59,
20,9,50,8,16,56,11.6,5,4.68,8.94,
20,10,50,8,16,56,11.6,5,4.74,9.1,
20,11,50,8,16,56,11.6,5,4.84,9.07,
20,12,50,8,16,56,11.6,5,4.82,9.02,
21,1,50,8,16,60,12,5,5.6,9.53,
21,2,50,8,16,60,12,5,5.7,9.62,
21,3,50,8,16,60,12,5,5.07,9.58,
21,4,50,8,16,60,12,5,5.19,9.9,
21,5,50,8,16,60,12,5,5.13,9.7,
21,6,50,8,16,60,12,5,5.24,9.87,
21,7,50,8,16,60,12,5,5.36,9.88,
21,8,50,8,16,60,12,5,5.64,9.9,
21,9,50,8,16,60,12,5,5.49,9.84,
21,10,50,8,16,60,12,5,5.76,9.83,
21,11,50,8,16,60,12,5,5.85,9.9,
21,12,50,8,16,60,12,5,5.82,9.93,
22,1,50,8,20,48,10.8,5,5.96,9.5,
22,2,50,8,20,48,10.8,5,5.68,10.6,
22,3,50,8,20,48,10.8,5,5.62,8.78,
22,4,50,8,20,48,10.8,5,5.82,10.52,
22,5,50,8,20,48,10.8,5,5.99,9.64,
22,6,50,8,20,48,10.8,5,6.43,9.17,
22,7,50,8,20,48,10.8,5,5.48,9.55,
22,8,50,8,20,48,10.8,5,5.32,9.38,
22,9,50,8,20,48,10.8,5,5.54,9.62,
22,10,50,8,20,48,10.8,5,5.83,8.32,
22,11,50,8,20,48,10.8,5,5.25,8.06,
22,12,50,8,20,48,10.8,5,5.54,7.63,
23,1,50,8,20,52,11.2,5,6.34,9.87,
23,2,50,8,20,52,11.2,5,5.95,9.39,
23,3,50,8,20,52,11.2,5,5.92,8.99,
23,4,50,8,20,52,11.2,5,6.15,9.02,
23,5,50,8,20,52,11.2,5,6.26,9.52,
23,6,50,8,20,52,11.2,5,5.33,9.33,
23,7,50,8,20,52,11.2,5,5.91,9.18,
23,8,50,8,20,52,11.2,5,5.42,7.81,
23,9,50,8,20,52,11.2,5,5.94,8.44,
23,10,50,8,20,52,11.2,5,6.1,8.75,
23,11,50,8,20,52,11.2,5,5.65,8.95,
23,12,50,8,20,52,11.2,5,5.43,8.75,
24,1,50,8,20,56,11.6,5,5.67,8.73,
24,2,50,8,20,56,11.6,5,5.28,10.16,
24,3,50,8,20,56,11.6,5,5.7,10.66,
24,4,50,8,20,56,11.6,5,6.55,9.07,
24,5,50,8,20,56,11.6,5,5.18,8.11,
24,6,50,8,20,56,11.6,5,5.71,8.02,
24,7,50,8,20,56,11.6,5,5.97,7.94,
24,8,50,8,20,56,11.6,5,5.56,8.73,
24,9,50,8,20,56,11.6,5,6.46,9.41,
24,10,50,8,20,56,11.6,5,6.24,10.05,
24,11,50,8,20,56,11.6,5,5.5,9.57,
24,12,50,8,20,56,11.6,5,5.98,10.21,
25,1,50,8,20,60,12,5,5.49,9.98,
25,2,50,8,20,60,12,5,5.54,9.65,
25,3,50,8,20,60,12,5,5.58,9.35,
25,4,50,8,20,60,12,5,5.95,9.04,
25,5,50,8,20,60,12,5,5.24,9.65,
25,6,50,8,20,60,12,5,5.37,10.02,
25,7,50,8,20,60,12,5,5.32,10.13,
25,8,50,8,20,60,12,5,5.18,9.43,
25,9,50,8,20,60,12,5,5.71,9.97,
25,10,50,8,20,60,12,5,5.17,9.42,
25,11,50,8,20,60,12,5,5.8,9.51,
25,12,50,8,20,60,12,5,5.66,9.47,
26,1,50,8,20,64,12.4,5,5.22,9.26,
26,2,50,8,20,64,12.4,5,5.07,9.65,
26,3,50,8,20,64,12.4,5,5.12,9.9,
26,4,50,8,20,64,12.4,5,5.74,9.93,
26,5,50,8,20,64,12.4,5,5.61,9.99,
26,6,50,8,20,64,12.4,5,5.26,9.88,
26,7,50,8,20,64,12.4,5,5.24,9.72,
26,8,50,8,20,64,12.4,5,5.43,9.55,
26,9,50,8,20,64,12.4,5,5.61,9.8,
26,10,50,8,20,64,12.4,5,5.05,9.41,
26,11,50,8,20,64,12.4,5,5.67,9.53,
26,12,50,8,20,64,12.4,5,5.95,9.89,
27,1,50,8,20,68,12.8,5,6.3,9.77,
27,2,50,8,20,68,12.8,5,6.36,9.91,
27,3,50,8,20,68,12.8,5,6.82,9.88,
27,4,50,8,20,68,12.8,5,5.68,9.62,
27,5,50,8,20,68,12.8,5,6.33,9.31,
27,6,50,8,20,68,12.8,5,6.02,8.66,
27,7,50,8,20,68,12.8,5,6.18,10.08,
27,8,50,8,20,68,12.8,5,6.06,10.44,
27,9,50,8,20,68,12.8,5,6.11,9.85,
27,10,50,8,20,68,12.8,5,5.89,10.07,
27,11,50,8,20,68,12.8,5,6.05,9.71,
27,12,50,8,20,68,12.8,5,6.46,9.88,
28,1,50,8,20,72,13.2,5,5.62,9.09,
28,2,50,8,20,72,13.2,5,5.36,10.22,
28,3,50,8,20,72,13.2,5,5.33,10.36,
28,4,50,8,20,72,13.2,5,5.35,10.51,
28,5,50,8,20,72,13.2,5,5.32,10.38,
28,6,50,8,20,72,13.2,5,5.17,10.57,
28,7,50,8,20,72,13.2,5,5.69,10.55,
28,8,50,8,20,72,13.2,5,5.7,10.66,
28,9,50,8,20,72,13.2,5,5.59,9.79,
28,10,50,8,20,72,13.2,5,5.71,10.5,
28,11,50,8,20,72,13.2,5,5.69,9.93,
28,12,50,8,20,72,13.2,5,5.66,9.9,
29,1,50,8,24,60,12,5,5.8,8.03,
29,2,50,8,24,60,12,5,5.88,8.31,
29,3,50,8,24,60,12,5,5.72,8.64,
29,4,50,8,24,60,12,5,5.55,8.44,
29,5,50,8,24,60,12,5,5.79,8.62,
29,6,50,8,24,60,12,5,5.64,8.14,
29,7,50,8,24,60,12,5,5.68,8.72,
29,8,50,8,24,60,12,5,5.25,8.57,
29,9,50,8,24,60,12,5,5.22,8.65,
29,10,50,8,24,60,12,5,5.54,8.2,
29,11,50,8,24,60,12,5,5.76,8.96,
29,12,50,8,24,60,12,5,5.51,8.89,
30,1,50,8,24,64,12.4,5,5.08,8.95,
30,2,50,8,24,64,12.4,5,4.54,10.44,
30,3,50,8,24,64,12.4,5,4.46,10.17,
30,4,50,8,24,64,12.4,5,4.51,10.23,
30,5,50,8,24,64,12.4,5,5.08,9.96,
30,6,50,8,24,64,12.4,5,5.35,9.74,
30,7,50,8,24,64,12.4,5,4.93,9.2,
30,8,50,8,24,64,12.4,5,5.01,8.99,
30,9,50,8,24,64,12.4,5,5.04,8.95,
30,10,50,8,24,64,12.4,5,5.09,8.64,
30,11,50,8,24,64,12.4,5,5.08,8.52,
30,12,50,8,24,64,12.4,5,4.91,8.83,
31,1,50,8,24,68,12.8,5,5.31,9.37,
31,2,50,8,24,68,12.8,5,5.47,7.36,
31,3,50,8,24,68,12.8,5,5.18,9.68,
31,4,50,8,24,68,12.8,5,5.24,9.14,
31,5,50,8,24,68,12.8,5,5.42,9.08,
31,6,50,8,24,68,12.8,5,5.51,9.84,
31,7,50,8,24,68,12.8,5,5.19,9.21,
31,8,50,8,24,68,12.8,5,5.83,9.84,
31,9,50,8,24,68,12.8,5,5.44,9.81,
31,10,50,8,24,68,12.8,5,5.37,8.79,
31,11,50,8,24,68,12.8,5,5.57,9.65,
31,12,50,8,24,68,12.8,5,5.42,9.52,
32,1,50,8,24,72,13.2,5,5.35,7.96,
32,2,50,8,24,72,13.2,5,5.03,8.49,
32,3,50,8,24,72,13.2,5,4.53,7.91,
32,4,50,8,24,72,13.2,5,5.37,7.92,
32,5,50,8,24,72,13.2,5,5.35,9.01,
32,6,50,8,24,72,13.2,5,5.33,8.91,
32,7,50,8,24,72,13.2,5,5.46,9.51,
32,8,50,8,24,72,13.2,5,5.44,9.18,
32,9,50,8,24,72,13.2,5,5.45,9.31,
32,10,50,8,24,72,13.2,5,5.49,9.02,
32,11,50,8,24,72,13.2,5,5.51,8.42,
32,12,50,8,24,72,13.2,5,5.38,7.7,
33,1,50,8,24,76,13.6,5,5.56,8.26,
33,2,50,8,24,76,13.6,5,5.52,8.44,
33,3,50,8,24,76,13.6,5,5.34,8.24,
33,4,50,8,24,76,13.6,5,5.4,9.12,
33,5,50,8,24,76,13.6,5,5.41,8.54,
33,6,50,8,24,76,13.6,5,5.43,8.28,
33,7,50,8,24,76,13.6,5,5.43,8.52,
33,8,50,8,24,76,13.6,5,5.56,8.48,
33,9,50,8,24,76,13.6,5,5.55,8.83,
33,10,50,8,24,76,13.6,5,5.04,9.01,
33,11,50,8,24,76,13.6,5,5,9.03,
33,12,50,8,24,76,13.6,5,4.95,8.53,
34,1,50,8,24,80,14,5,4.76,8.35,
34,2,50,8,24,80,14,5,4.73,8.96,
34,3,50,8,24,80,14,5,5.08,8.84,
34,4,50,8,24,80,14,5,5.01,9.37,
34,5,50,8,24,80,14,5,5.16,9.33,
34,6,50,8,24,80,14,5,5.05,9.2,
34,7,50,8,24,80,14,5,5.04,8.07,
34,8,50,8,24,80,14,5,5.19,7.95,
34,9,50,8,24,80,14,5,5.2,8.71,
34,10,50,8,24,80,14,5,5.2,8.92,
34,11,50,8,24,80,14,5,5.17,8.61,
34,12,50,8,24,80,14,5,5.14,7.95,
35,1,50,8,24,84,14.4,5,5.13,7.29,
35,2,50,8,24,84,14.4,5,5.35,8.93,
35,3,50,8,24,84,14.4,5,5.37,8.07,
35,4,50,8,24,84,14.4,5,5.29,8.54,
35,5,50,8,24,84,14.4,5,5.3,9.1,
35,6,50,8,24,84,14.4,5,5.3,9.11,
35,7,50,8,24,84,14.4,5,5.3,8.74,
35,8,50,8,24,84,14.4,5,5.22,8.9,
35,9,50,8,24,84,14.4,5,5.2,9.51,
35,10,50,8,24,84,14.4,5,4.99,8.69,
35,11,50,8,24,84,14.4,5,4.89,8.88,
35,12,50,8,24,84,14.4,5,5.03,8.27,
36,1,50,8,28,72,13.2,5,5.05,7.35,
36,2,50,8,28,72,13.2,5,5.18,7.24,
36,3,50,8,28,72,13.2,5,5.2,8.63,
36,4,50,8,28,72,13.2,5,5.22,8.26,
36,5,50,8,28,72,13.2,5,5.14,7.44,
36,6,50,8,28,72,13.2,5,5.01,7.46,
36,7,50,8,28,72,13.2,5,,,
36,8,50,8,28,72,13.2,5,,,
36,9,50,8,28,72,13.2,5,5.37,8.23,
36,10,50,8,28,72,13.2,5,5.36,8.9,
36,11,50,8,28,72,13.2,5,5.24,8.81,
36,12,50,8,28,72,13.2,5,5.27,8.52,
37,1,50,8,28,76,13.6,5,5.25,8.07,
37,2,50,8,28,76,13.6,5,5.22,7.93,
37,3,50,8,28,76,13.6,5,5.05,7.55,
37,4,50,8,28,76,13.6,5,4.7,7.61,
37,5,50,8,28,76,13.6,5,4.81,7.66,
37,6,50,8,28,76,13.6,5,5.06,8.24,
37,7,50,8,28,76,13.6,5,5.02,8.06,
37,8,50,8,28,76,13.6,5,5.05,8.01,
37,9,50,8,28,76,13.6,5,,,
37,10,50,8,28,76,13.6,5,5.03,9.35,
37,11,50,8,28,76,13.6,5,5.04,9.71,
37,12,50,8,28,76,13.6,5,5.03,8.54,
38,1,50,8,28,80,14,5,5.11,8.53,
38,2,50,8,28,80,14,5,,,
38,3,50,8,28,80,14,5,4.97,8.24,
38,4,50,8,28,80,14,5,4.7,7.15,
38,5,50,8,28,80,14,5,5.31,7.78,
38,6,50,8,28,80,14,5,5.3,8.09,
38,7,50,8,28,80,14,5,5.27,8.37,
38,8,50,8,28,80,14,5,5.26,8.47,
38,9,50,8,28,80,14,5,5.2,8.3,
38,10,50,8,28,80,14,5,5.2,7.92,
38,11,50,8,28,80,14,5,5.55,8.5,
38,12,50,8,28,80,14,5,5.55,8.91,
39,1,50,8,28,84,14.4,5,5.22,8.66,
39,2,50,8,28,84,14.4,5,,,
39,3,50,8,28,84,14.4,5,4.73,7.81,
39,4,50,8,28,84,14.4,5,5.31,7.88,
39,5,50,8,28,84,14.4,5,5.32,8.27,
39,6,50,8,28,84,14.4,5,5.28,8.82,
39,7,50,8,28,84,14.4,5,5.06,7.75,
39,8,50,8,28,84,14.4,5,5.01,8.19,
39,9,50,8,28,84,14.4,5,4.99,8.03,
39,10,50,8,28,84,14.4,5,5.01,8.18,
39,11,50,8,28,84,14.4,5,4.85,8.12,
39,12,50,8,28,84,14.4,5,5.06,7.95,
40,1,50,8,28,88,14.8,5,4.76,9.24,
40,2,50,8,28,88,14.8,5,4.76,8.99,
40,3,50,8,28,88,14.8,5,4.81,8.27,
40,4,50,8,28,88,14.8,5,4.81,8.94,
40,5,50,8,28,88,14.8,5,4.7,8.69,
40,6,50,8,28,88,14.8,5,4.66,8.68,
40,7,50,8,28,88,14.8,5,,,
40,8,50,8,28,88,14.8,5,5.59,8.97,
40,9,50,8,28,88,14.8,5,5.56,9.45,
40,10,50,8,28,88,14.8,5,5.4,9.64,
40,11,50,8,28,88,14.8,5,5.18,9.51,
40,12,50,8,28,88,14.8,5,5.13,9.06,
41,1,50,8,28,92,15.2,5,5.08,9.23,
41,2,50,8,28,92,15.2,5,4.82,9.13,
41,3,50,8,28,92,15.2,5,4.8,9.09,
41,4,50,8,28,92,15.2,5,,,
41,5,50,8,28,92,15.2,5,4.69,9.1,
41,6,50,8,28,92,15.2,5,4.7,9.09,
41,7,50,8,28,92,15.2,5,4.9,8.57,
41,8,50,8,28,92,15.2,5,4.21,7.52,
41,9,50,8,28,92,15.2,5,4.9,9.49,
41,10,50,8,28,92,15.2,5,4.77,9.53,
41,11,50,8,28,92,15.2,5,4.7,8.66,
41,12,50,8,28,92,15.2,5,4.89,8.95,
42,1,50,8,28,96,15.6,5,4.6,8.94,
42,2,50,8,28,96,15.6,5,4.61,9.14,
42,3,50,8,28,96,15.6,5,4.64,8.21,
42,4,50,8,28,96,15.6,5,4.97,9.3,
42,5,50,8,28,96,15.6,5,4.74,9.19,
42,6,50,8,28,96,15.6,5,4.66,8.31,
42,7,50,8,28,96,15.6,5,4.57,7.38,
42,8,50,8,28,96,15.6,5,4.94,8.3,
42,9,50,8,28,96,15.6,5,4.59,8.94,
42,10,50,8,28,96,15.6,5,,,
42,11,50,8,28,96,15.6,5,4.99,9.13,
42,12,50,8,28,96,15.6,5,4.8,9.2,
43,1,50,8,8,11,7.1,5,5.84,10.78,
43,2,50,8,8,11,7.1,5,5.85,10.8,
43,3,50,8,8,11,7.1,5,5.8,10.88,
43,4,50,8,8,11,7.1,5,5.85,10.86,
43,5,50,8,8,11,7.1,5,5.81,10.89,
43,6,50,8,8,11,7.1,5,5.86,10.96,
43,7,50,8,8,11,7.1,5,5.84,10.68,
43,8,50,8,8,11,7.1,5,5.84,10.91,
43,9,50,8,8,11,7.1,5,5.85,10.98,
43,10,50,8,8,11,7.1,5,5.9,10.8,
43,11,50,8,8,11,7.1,5,5.88,10.79,
43,12,50,8,8,11,7.1,5,5.85,10.66,
44,1,50,8,9,15,7.5,5,5.52,10.46,
44,2,50,8,9,15,7.5,5,5.55,10.5,
44,3,50,8,9,15,7.5,5,5.51,10.49,
44,4,50,8,9,15,7.5,5,5.54,10.37,
44,5,50,8,9,15,7.5,5,5.54,10.43,
44,6,50,8,9,15,7.5,5,5.54,10.59,
44,7,50,8,9,15,7.5,5,5.53,10.48,
44,8,50,8,9,15,7.5,5,5.51,10.49,
44,9,50,8,9,15,7.5,5,5.51,10.5,
44,10,50,8,9,15,7.5,5,5.53,10.57,
44,11,50,8,9,15,7.5,5,5.54,10.49,
44,12,50,8,9,15,7.5,5,5.55,10.52,
45,1,50,8,10,19,7.9,5,5.45,10.05,
45,2,50,8,10,19,7.9,5,5.45,10.34,
45,3,50,8,10,19,7.9,5,5.43,10.15,
45,4,50,8,10,19,7.9,5,5.46,10.19,
45,5,50,8,10,19,7.9,5,5.49,10.32,
45,6,50,8,10,19,7.9,5,5.51,10.27,
45,7,50,8,10,19,7.9,5,5.51,10.28,
45,8,50,8,10,19,7.9,5,5.51,10.3,
45,9,50,8,10,19,7.9,5,5.51,10.25,
45,10,50,8,10,19,7.9,5,5.49,10.33,
45,11,50,8,10,19,7.9,5,5.69,10.35,
45,12,50,8,10,19,7.9,5,5.68,10.36,
46,1,50,8,11,23,8.3,5,5.39,9.51,
46,2,50,8,11,23,8.3,5,5.39,9.56,
46,3,50,8,11,23,8.3,5,5.39,9.54,
46,4,50,8,11,23,8.3,5,5.39,9.37,
46,5,50,8,11,23,8.3,5,5.51,9.33,
46,6,50,8,11,23,8.3,5,5.48,9.42,
46,7,50,8,11,23,8.3,5,5.4,9.41,
46,8,50,8,11,23,8.3,5,5.41,9.42,
46,9,50,8,11,23,8.3,5,5.41,9.37,
46,10,50,8,11,23,8.3,5,5.4,9.3,
46,11,50,8,11,23,8.3,5,5.41,9.32,
46,12,50,8,11,23,8.3,5,5.41,9.29,
47,1,50,8,12,27,8.7,5,5.4,9.83,
47,2,50,8,12,27,8.7,5,5.42,9.88,
47,3,50,8,12,27,8.7,5,5.47,9.87,
47,4,50,8,12,27,8.7,5,5.47,9.78,
47,5,50,8,12,27,8.7,5,5.37,9.69,
47,6,50,8,12,27,8.7,5,5.43,9.76,
47,7,50,8,12,27,8.7,5,5.43,9.87,
47,8,50,8,12,27,8.7,5,5.43,9.68,
47,9,50,8,12,27,8.7,5,5.43,9.56,
47,10,50,8,12,27,8.7,5,5.54,9.42,
47,11,50,8,12,27,8.7,5,5.56,9.29,
47,12,50,8,12,27,8.7,5,5.56,9.2,
48,1,50,8,13,31,9.1,5,5.22,8.89,
48,2,50,8,13,31,9.1,5,5.28,8.8,
48,3,50,8,13,31,9.1,5,5.28,8.84,
48,4,50,8,13,31,9.1,5,5.31,8.74,
48,5,50,8,13,31,9.1,5,5.3,8.9,
48,6,50,8,13,31,9.1,5,5.3,8.89,
48,7,50,8,13,31,9.1,5,5.32,9,
48,8,50,8,13,31,9.1,5,5.31,8.91,
48,9,50,8,13,31,9.1,5,5.3,8.96,
48,10,50,8,13,31,9.1,5,5.31,8.97,
48,11,50,8,13,31,9.1,5,5.33,8.96,
48,12,50,8,13,31,9.1,5,5.32,8.96,
49,1,50,8,14,34,9.4,5,5.03,8.63,
49,2,50,8,14,34,9.4,5,5.05,8.69,
49,3,50,8,14,34,9.4,5,5.05,8.68,
49,4,50,8,14,34,9.4,5,5.02,8.7,
49,5,50,8,14,34,9.4,5,5.06,8.68,
49,6,50,8,14,34,9.4,5,5.07,8.52,
49,7,50,8,14,34,9.4,5,5.03,8.52,
49,8,50,8,14,34,9.4,5,5.03,8.45,
49,9,50,8,14,34,9.4,5,5.02,8.44,
49,10,50,8,14,34,9.4,5,5.01,8.34,
49,11,50,8,14,34,9.4,5,5.03,8.36,
49,12,50,8,14,34,9.4,5,5.03,8.4,
50,1,50,8,15,38,9.8,5,5.31,8.14,
50,2,50,8,15,38,9.8,5,5.3,8.12,
50,3,50,8,15,38,9.8,5,5.3,8.12,
50,4,50,8,15,38,9.8,5,5.35,8.15,
50,5,50,8,15,38,9.8,5,5.36,8.14,
50,6,50,8,15,38,9.8,5,5.35,8.15,
50,7,50,8,15,38,9.8,5,5.37,8.15,
50,8,50,8,15,38,9.8,5,5.35,8.13,
50,9,50,8,15,38,9.8,5,5.35,8.12,
50,10,50,8,15,38,9.8,5,5.39,8.16,
50,11,50,8,15,38,9.8,5,5.39,8.16,
50,12,50,8,15,38,9.8,5,5.38,8.16,
51,1,50,8,16,41,10.1,5,4.99,8.74,
51,2,50,8,16,41,10.1,5,5.08,8.92,
51,3,50,8,16,41,10.1,5,5.08,8.89,
51,4,50,8,16,41,10.1,5,5.07,8.93,
51,5,50,8,16,41,10.1,5,5.08,8.92,
51,6,50,8,16,41,10.1,5,5.02,8.92,
51,7,50,8,16,41,10.1,5,5.03,8.9,
51,8,50,8,16,41,10.1,5,5.01,8.69,
51,9,50,8,16,41,10.1,5,4.98,8.77,
51,10,50,8,16,41,10.1,5,4.97,8.76,
51,11,50,8,16,41,10.1,5,4.94,8.72,
51,12,50,8,16,41,10.1,5,4.93,8.72,
52,1,50,8,17,44,10.4,5,4.95,8.23,
52,2,50,8,17,44,10.4,5,4.95,7.91,
52,3,50,8,17,44,10.4,5,4.99,7.92,
52,4,50,8,17,44,10.4,5,4.96,7.91,
52,5,50,8,17,44,10.4,5,4.98,7.96,
52,6,50,8,17,44,10.4,5,4.95,8.11,
52,7,50,8,17,44,10.4,5,5.04,7.72,
52,8,50,8,17,44,10.4,5,5.12,7.93,
52,9,50,8,17,44,10.4,5,5.13,8,
52,10,50,8,17,44,10.4,5,5.1,8.05,
52,11,50,8,17,44,10.4,5,5.14,7.93,
52,12,50,8,17,44,10.4,5,5.13,7.99,
53,1,50,8,18,48,10.8,5,4.98,7.93,
53,2,50,8,18,48,10.8,5,4.98,7.99,
53,3,50,8,18,48,10.8,5,4.99,7.86,
53,4,50,8,18,48,10.8,5,5,7.9,
53,5,50,8,18,48,10.8,5,5.08,7.99,
53,6,50,8,18,48,10.8,5,5.08,7.94,
53,7,50,8,18,48,10.8,5,5,7.93,
53,8,50,8,18,48,10.8,5,5.04,7.75,
53,9,50,8,18,48,10.8,5,5.04,7.75,
53,10,50,8,18,48,10.8,5,5.04,7.76,
53,11,50,8,18,48,10.8,5,5.05,7.7,
53,12,50,8,18,48,10.8,5,5.05,7.65,
54,1,50,8,19,51,11.1,5,4.89,7.94,
54,2,50,8,19,51,11.1,5,4.92,8.42,
54,3,50,8,19,51,11.1,5,4.94,7.82,
54,4,50,8,19,51,11.1,5,4.9,7.84,
54,5,50,8,19,51,11.1,5,4.99,7.77,
54,6,50,8,19,51,11.1,5,,,
54,7,50,8,19,51,11.1,5,5.01,8.15,
54,8,50,8,19,51,11.1,5,5.01,8.1,
54,9,50,8,19,51,11.1,5,5.06,8.14,
54,10,50,8,19,51,11.1,5,5.04,8.12,
54,11,50,8,19,51,11.1,5,5.12,8.23,
54,12,50,8,19,51,11.1,5,5.12,8.2,
55,1,50,8,20,54,11.4,5,4.94,7.97,
55,2,50,8,20,54,11.4,5,4.94,7.92,
55,3,50,8,20,54,11.4,5,4.95,8.03,
55,4,50,8,20,54,11.4,5,4.99,8.04,
55,5,50,8,20,54,11.4,5,4.89,8.04,
55,6,50,8,20,54,11.4,5,4.86,7.77,
55,7,50,8,20,54,11.4,5,4.8,8,
55,8,50,8,20,54,11.4,5,4.85,7.98,
55,9,50,8,20,54,11.4,5,4.89,7.96,
55,10,50,8,20,54,11.4,5,5.01,8.02,
55,11,50,8,20,54,11.4,5,5.01,8.02,
55,12,50,8,20,54,11.4,5,5.06,7.97,
56,1,50,8,21,57,11.7,5,4.96,7.64,
56,2,50,8,21,57,11.7,5,4.96,7.68,
56,3,50,8,21,57,11.7,5,,,
56,4,50,8,21,57,11.7,5,5.17,8.92,
56,5,50,8,21,57,11.7,5,,,
56,6,50,8,21,57,11.7,5,5.05,7.88,
56,7,50,8,21,57,11.7,5,5.05,7.49,
56,8,50,8,21,57,11.7,5,5.05,7.49,
56,9,50,8,21,57,11.7,5,4.93,7.51,
56,10,50,8,21,57,11.7,5,5.01,7.29,
56,11,50,8,21,57,11.7,5,5.03,7.99,
56,12,50,8,21,57,11.7,5,5.03,8.02,
57,1,50,8,22,61,12.1,5,4.75,7.45,
57,2,50,8,22,61,12.1,5,,,
57,3,50,8,22,61,12.1,5,4.94,7.06,
57,4,50,8,22,61,12.1,5,4.94,7.21,
57,5,50,8,22,61,12.1,5,4.95,7.14,
57,6,50,8,22,61,12.1,5,4.79,7.45,
57,7,50,8,22,61,12.1,5,4.81,7.59,
57,8,50,8,22,61,12.1,5,4.8,7.85,
57,9,50,8,22,61,12.1,5,4.74,7.73,
57,10,50,8,22,61,12.1,5,4.71,7.71,
57,11,50,8,22,61,12.1,5,4.64,7.75,
57,12,50,8,22,61,12.1,5,4.64,7.75,
58,1,50,8,23,64,12.4,5,4.71,7.74,
58,2,50,8,23,64,12.4,5,4.71,7.02,
58,3,50,8,23,64,12.4,5,,,
58,4,50,8,23,64,12.4,5,4.78,7.73,
58,5,50,8,23,64,12.4,5,5.04,7.81,
58,6,50,8,23,64,12.4,5,5.05,7.06,
58,7,50,8,23,64,12.4,5,,,
58,8,50,8,23,64,12.4,5,5.04,8,
58,9,50,8,23,64,12.4,5,5.04,7.98,
58,10,50,8,23,64,12.4,5,5.04,7.9,
58,11,50,8,23,64,12.4,5,5.04,7.91,
58,12,50,8,23,64,12.4,5,,,
59,1,50,8,24,67,12.7,5,4.9,7.52,
59,2,50,8,24,67,12.7,5,4.9,7.54,
59,3,50,8,24,67,12.7,5,4.95,8.51,
59,4,50,8,24,67,12.7,5,4.98,8.4,
59,5,50,8,24,67,12.7,5,4.67,7.75,
59,6,50,8,24,67,12.7,5,4.67,7.91,
59,7,50,8,24,67,12.7,5,4.67,8.04,
59,8,50,8,24,67,12.7,5,4.71,8.05,
59,9,50,8,24,67,12.7,5,4.74,8.12,
59,10,50,8,24,67,12.7,5,,,
59,11,50,8,24,67,12.7,5,4.76,8.03,
59,12,50,8,24,67,12.7,5,4.76,8.03,
60,1,50,8,25,70,13,5,,,
60,2,50,8,25,70,13,5,4.83,7.8,
60,3,50,8,25,70,13,5,4.85,7.96,
60,4,50,8,25,70,13,5,4.73,6.9,
60,5,50,8,25,70,13,5,,,
60,6,50,8,25,70,13,5,4.9,7.95,
60,7,50,8,25,70,13,5,4.47,7.77,
60,8,50,8,25,70,13,5,4.51,7.87,
60,9,50,8,25,70,13,5,4.51,7.87,
60,10,50,8,25,70,13,5,4.73,7.91,
60,11,50,8,25,70,13,5,4.74,7.95,
60,12,50,8,25,70,13,5,4.74,7.95,
61,1,50,8,26,74,13.4,5,,,
61,2,50,8,26,74,13.4,5,4.85,7.09,
61,3,50,8,26,74,13.4,5,4.85,7.54,
61,4,50,8,26,74,13.4,5,,,
61,5,50,8,26,74,13.4,5,5.02,7.75,
61,6,50,8,26,74,13.4,5,4.86,7.75,
61,7,50,8,26,74,13.4,5,,,
61,8,50,8,26,74,13.4,5,4.77,7.8,
61,9,50,8,26,74,13.4,5,4.6,7.8,
61,10,50,8,26,74,13.4,5,4.53,7.71,
61,11,50,8,26,74,13.4,5,,,
61,12,50,8,26,74,13.4,5,4.61,7.61,
62,1,50,8,27,77,13.7,5,,,
62,2,50,8,27,77,13.7,5,4.67,7.59,
62,3,50,8,27,77,13.7,5,,,
62,4,50,8,27,77,13.7,5,4.71,7.69,
62,5,50,8,27,77,13.7,5,4.71,6.43,
62,6,50,8,27,77,13.7,5,4.97,6.62,
62,7,50,8,27,77,13.7,5,5.02,6.83,
62,8,50,8,27,77,13.7,5,,,
62,9,50,8,27,77,13.7,5,4.95,8.05,
62,10,50,8,27,77,13.7,5,4.95,8.18,
62,11,50,8,27,77,13.7,5,5.05,8,
62,12,50,8,27,77,13.7,5,5.07,8,
63,1,50,8,28,80,14,5,,,
63,2,50,8,28,80,14,5,4.42,7.97,
63,3,50,8,28,80,14,5,4.41,7.93,
63,4,50,8,28,80,14,5,,,
63,5,50,8,28,80,14,5,,,
63,6,50,8,28,80,14,5,4.47,8.05,
63,7,50,8,28,80,14,5,4.43,8.05,
63,8,50,8,28,80,14,5,4.55,8,
63,9,50,8,28,80,14,5,5.03,8.04,
63,10,50,8,28,80,14,5,4.95,8.04,
63,11,50,8,28,80,14,5,4.73,7.79,
63,12,50,8,28,80,14,5,4.67,7.79,
64,1,50,8,8,17,7.7,5,6.04,9.61,
64,2,50,8,8,17,7.7,5,6.54,10.35,
64,3,50,8,8,17,7.7,5,6.45,10.5,
64,4,50,8,8,17,7.7,5,6.45,10.53,
64,5,50,8,8,17,7.7,5,6.26,10.68,
64,6,50,8,8,17,7.7,5,5.83,10.18,
64,7,50,8,8,17,7.7,5,6,10.89,
64,8,50,8,8,17,7.7,5,6.05,10.46,
64,9,50,8,8,17,7.7,5,5.81,10.32,
64,10,50,8,8,17,7.7,5,5.81,10.63,
64,11,50,8,8,17,7.7,5,5.84,10.5,
64,12,50,8,8,17,7.7,5,5.65,9.63,
65,1,50,8,9,20,8,5,5.97,10.71,
65,2,50,8,9,20,8,5,5.98,10,
65,3,50,8,9,20,8,5,5.98,10.44,
65,4,50,8,9,20,8,5,6,10.53,
65,5,50,8,9,20,8,5,6.08,10.5,
65,6,50,8,9,20,8,5,6.12,10.46,
65,7,50,8,9,20,8,5,6.14,10.16,
65,8,50,8,9,20,8,5,6.25,10.46,
65,9,50,8,9,20,8,5,6.25,10.7,
65,10,50,8,9,20,8,5,6.5,11.08,
65,11,50,8,9,20,8,5,6.46,10.78,
65,12,50,8,9,20,8,5,6.39,9.83,
66,1,50,8,10,24,8.4,5,5.9,9.13,
66,2,50,8,10,24,8.4,5,5.91,9.99,
66,3,50,8,10,24,8.4,5,5.91,9.61,
66,4,50,8,10,24,8.4,5,5.98,9.83,
66,5,50,8,10,24,8.4,5,5.98,9.77,
66,6,50,8,10,24,8.4,5,5.99,9.38,
66,7,50,8,10,24,8.4,5,6.01,9.92,
66,8,50,8,10,24,8.4,5,6.02,9.54,
66,9,50,8,10,24,8.4,5,6.02,9.82,
66,10,50,8,10,24,8.4,5,6.05,9.88,
66,11,50,8,10,24,8.4,5,6.08,9.83,
66,12,50,8,10,24,8.4,5,6.21,9.96,
67,1,50,8,11,27,8.7,5,6,9.51,
67,2,50,8,11,27,8.7,5,5.94,9.59,
67,3,50,8,11,27,8.7,5,5.94,9.55,
67,4,50,8,11,27,8.7,5,6.05,9.41,
67,5,50,8,11,27,8.7,5,5.97,9.3,
67,6,50,8,11,27,8.7,5,5.97,9.51,
67,7,50,8,11,27,8.7,5,5.98,9.57,
67,8,50,8,11,27,8.7,5,5.99,9.79,
67,9,50,8,11,27,8.7,5,6.14,9.65,
67,10,50,8,11,27,8.7,5,6.03,9.74,
67,11,50,8,11,27,8.7,5,6,9.74,
67,12,50,8,11,27,8.7,5,5.92,9.83,
68,1,50,8,12,30,9,5,5.56,9.02,
68,2,50,8,12,30,9,5,5.56,9.15,
68,3,50,8,12,30,9,5,5.66,9.12,
68,4,50,8,12,30,9,5,5.67,9.18,
68,5,50,8,12,30,9,5,5.68,9.18,
68,6,50,8,12,30,9,5,5.67,9.21,
68,7,50,8,12,30,9,5,5.68,9.09,
68,8,50,8,12,30,9,5,5.68,9.09,
68,9,50,8,12,30,9,5,5.74,9.51,
68,10,50,8,12,30,9,5,5.78,9.3,
68,11,50,8,12,30,9,5,5.89,9.3,
68,12,50,8,12,30,9,5,5.73,9.03,
69,1,50,8,13,34,9.4,5,5.74,9.06,
69,2,50,8,13,34,9.4,5,5.83,9.19,
69,3,50,8,13,34,9.4,5,5.84,9.19,
69,4,50,8,13,34,9.4,5,5.84,8.94,
69,5,50,8,13,34,9.4,5,5.86,9.34,
69,6,50,8,13,34,9.4,5,5.87,9.34,
69,7,50,8,13,34,9.4,5,5.87,9.34,
69,8,50,8,13,34,9.4,5,5.87,9.67,
69,9,50,8,13,34,9.4,5,5.79,9.55,
69,10,50,8,13,34,9.4,5,5.91,9.7,
69,11,50,8,13,34,9.4,5,5.94,9.75,
69,12,50,8,13,34,9.4,5,5.95,9.83,
79,1,50,8,14,37,9.7,5,5.93,9.18,
79,2,50,8,14,37,9.7,5,5.63,9.21,
79,3,50,8,14,37,9.7,5,5.6,9.47,
79,4,50,8,14,37,9.7,5,5.58,9.61,
79,5,50,8,14,37,9.7,5,5.57,9.69,
79,6,50,8,14,37,9.7,5,5.61,9.5,
79,7,50,8,14,37,9.7,5,5.67,9.87,
79,8,50,8,14,37,9.7,5,5.47,9.5,
79,9,50,8,14,37,9.7,5,5.46,9.65,
79,10,50,8,14,37,9.7,5,5.41,9.65,
79,11,50,8,14,37,9.7,5,5.35,9.65,
79,12,50,8,14,37,9.7,5,5.27,9.21,
71,1,50,8,15,40,10,5,5.69,9.16,
71,2,50,8,15,40,10,5,5.69,8.97,
71,3,50,8,15,40,10,5,5.7,8.84,
71,4,50,8,15,40,10,5,5.71,9.12,
71,5,50,8,15,40,10,5,5.7,9.12,
71,6,50,8,15,40,10,5,5.7,9.05,
71,7,50,8,15,40,10,5,5.67,8.98,
71,8,50,8,15,40,10,5,5.7,8.81,
71,9,50,8,15,40,10,5,5.83,9.03,
71,10,50,8,15,40,10,5,5.79,9.03,
71,11,50,8,15,40,10,5,5.89,9.03,
71,12,50,8,15,40,10,5,5.89,8.71,
72,1,50,8,16,44,10.4,5,5.87,8.74,
72,2,50,8,16,44,10.4,5,5.78,8.91,
72,3,50,8,16,44,10.4,5,5.77,8.89,
72,4,50,8,16,44,10.4,5,5.77,9.32,
72,5,50,8,16,44,10.4,5,5.78,8.91,
72,6,50,8,16,44,10.4,5,5.78,8.91,
72,7,50,8,16,44,10.4,5,5.78,8.91,
72,8,50,8,16,44,10.4,5,5.76,9.01,
72,9,50,8,16,44,10.4,5,5.7,9.01,
72,10,50,8,16,44,10.4,5,5.51,9.01,
72,11,50,8,16,44,10.4,5,5.52,9.18,
72,12,50,8,16,44,10.4,5,5.3,9,
73,1,50,8,17,47,10.7,5,5.72,8.9,
73,2,50,8,17,47,10.7,5,5.68,8.95,
73,3,50,8,17,47,10.7,5,5.66,8.83,
73,4,50,8,17,47,10.7,5,5.65,8.83,
73,5,50,8,17,47,10.7,5,5.65,8.86,
73,6,50,8,17,47,10.7,5,5.62,8.96,
73,7,50,8,17,47,10.7,5,5.63,8.41,
73,8,50,8,17,47,10.7,5,5.63,8.15,
73,9,50,8,17,47,10.7,5,5.73,8.12,
73,10,50,8,17,47,10.7,5,5.78,8.12,
73,11,50,8,17,47,10.7,5,5.78,8.15,
73,12,50,8,17,47,10.7,5,5.51,8.12,
74,1,50,8,18,50,11,5,5.49,8.67,
74,2,50,8,18,50,11,5,5.34,8.53,
74,3,50,8,18,50,11,5,5.28,8.53,
74,4,50,8,18,50,11,5,5.27,8.6,
74,5,50,8,18,50,11,5,5.21,8.66,
74,6,50,8,18,50,11,5,5.13,8.66,
74,7,50,8,18,50,11,5,5.12,8.55,
74,8,50,8,18,50,11,5,5.12,8.67,
74,9,50,8,18,50,11,5,5.12,8.78,
74,10,50,8,18,50,11,5,5.12,8.52,
74,11,50,8,18,50,11,5,5.3,8.38,
74,12,50,8,18,50,11,5,5.17,8.44,
75,1,50,8,19,54,11.4,5,5.44,8.35,
75,2,50,8,19,54,11.4,5,5.39,8.17,
75,3,50,8,19,54,11.4,5,5.26,8.17,
75,4,50,8,19,54,11.4,5,5.27,8.17,
75,5,50,8,19,54,11.4,5,5.26,7.87,
75,6,50,8,19,54,11.4,5,5.3,8.48,
75,7,50,8,19,54,11.4,5,5.31,8.48,
75,8,50,8,19,54,11.4,5,5.31,8.53,
75,9,50,8,19,54,11.4,5,5.33,8.5,
75,10,50,8,19,54,11.4,5,5.39,8.5,
75,11,50,8,19,54,11.4,5,5.34,8.73,
75,12,50,8,19,54,11.4,5,5.35,8.44,
76,1,50,8,20,57,11.7,5,5.39,8.43,
76,2,50,8,20,57,11.7,5,5.48,8.94,
76,3,50,8,20,57,11.7,5,5.47,8.9,
76,4,50,8,20,57,11.7,5,5.24,8.9,
76,5,50,8,20,57,11.7,5,5.09,8.58,
76,6,50,8,20,57,11.7,5,5.05,8.65,
76,7,50,8,20,57,11.7,5,5.06,8.65,
76,8,50,8,20,57,11.7,5,5.05,8.74,
76,9,50,8,20,57,11.7,5,5.02,8.64,
76,10,50,8,20,57,11.7,5,5.02,8.62,
76,11,50,8,20,57,11.7,5,5.1,8.85,
76,12,50,8,20,57,11.7,5,,,
77,1,50,8,21,60,12,5,5.4,8.33,
77,2,50,8,21,60,12,5,5.28,8.09,
77,3,50,8,21,60,12,5,5.28,8.5,
77,4,50,8,21,60,12,5,5.2,8.97,
77,5,50,8,21,60,12,5,5.2,8.59,
77,6,50,8,21,60,12,5,5.45,8.82,
77,7,50,8,21,60,12,5,5.72,8.82,
77,8,50,8,21,60,12,5,5.64,8.46,
77,9,50,8,21,60,12,5,5.56,8.93,
77,10,50,8,21,60,12,5,5.56,8.2,
77,11,50,8,21,60,12,5,5.67,8.57,
77,12,50,8,21,60,12,5,5.68,8.57,
78,1,50,8,22,63,12.3,5,5.2,7.8,
78,2,50,8,22,63,12.3,5,,,
78,3,50,8,22,63,12.3,5,5.55,8.2,
78,4,50,8,22,63,12.3,5,5.27,8.31,
78,5,50,8,22,63,12.3,5,5.18,8.31,
78,6,50,8,22,63,12.3,5,,,
78,7,50,8,22,63,12.3,5,5.09,8.1,
78,8,50,8,22,63,12.3,5,5.09,8.15,
78,9,50,8,22,63,12.3,5,5.02,8.05,
78,10,50,8,22,63,12.3,5,4.93,8.43,
78,11,50,8,22,63,12.3,5,4.93,8.66,
79,1,50,8,23,67,12.7,5,4.86,8.38,
79,2,50,8,23,67,12.7,5,,,
79,3,50,8,23,67,12.7,5,5.11,8.42,
79,4,50,8,23,67,12.7,5,5.1,8.42,
79,5,50,8,23,67,12.7,5,5.11,8.2,
79,6,50,8,23,67,12.7,5,5.08,8.19,
79,7,50,8,23,67,12.7,5,5.2,8.25,
79,8,50,8,23,67,12.7,5,5.22,8.25,
79,9,50,8,23,67,12.7,5,5.22,8.25,
79,10,50,8,23,67,12.7,5,5.24,8.25,
79,11,50,8,23,67,12.7,5,5.31,8.07,
79,12,50,8,23,67,12.7,5,,,
80,1,50,8,24,70,13,5,5.41,8.2,
80,2,50,8,24,70,13,5,4.91,8.3,
80,3,50,8,24,70,13,5,4.6,8.26,
80,4,50,8,24,70,13,5,4.97,8.48,
80,5,50,8,24,70,13,5,4.97,8.48,
80,6,50,8,24,70,13,5,,,
80,7,50,8,24,70,13,5,5,8.68,
80,8,50,8,24,70,13,5,,,
80,9,50,8,24,70,13,5,,,
80,10,50,8,24,70,13,5,4.86,8.65,
80,11,50,8,24,70,13,5,4.76,8.63,
80,12,50,8,24,70,13,5,4.71,8.63,
81,1,50,8,25,73,13.3,5,4.64,8.63,
81,2,50,8,25,73,13.3,5,,,
81,3,50,8,25,73,13.3,5,5.03,7.92,
81,4,50,8,25,73,13.3,5,4.98,7.92,
81,5,50,8,25,73,13.3,5,4.95,8.01,
81,6,50,8,25,73,13.3,5,,,
81,7,50,8,25,73,13.3,5,5.33,7.94,
81,8,50,8,25,73,13.3,5,,,
81,9,50,8,25,73,13.3,5,5.15,8.19,
81,10,50,8,25,73,13.3,5,5.08,8.19,
81,11,50,8,25,73,13.3,5,5.05,8.25,
81,12,50,8,25,73,13.3,5,,,
82,1,50,8,26,77,13.7,5,5.12,8.57,
82,2,50,8,26,77,13.7,5,4.95,7.59,
82,3,50,8,26,77,13.7,5,4.86,7.67,
82,4,50,8,26,77,13.7,5,4.83,7.7,
82,5,50,8,26,77,13.7,5,4.82,7.8,
82,6,50,8,26,77,13.7,5,4.66,8.11,
82,7,50,8,26,77,13.7,5,4.6,8.13,
82,8,50,8,26,77,13.7,5,4.93,8.13,
82,9,50,8,26,77,13.7,5,,,
82,10,50,8,26,77,13.7,5,4.8,8.23,
82,11,50,8,26,77,13.7,5,4.72,8.23,
82,12,50,8,26,77,13.7,5,4.68,8.35,
83,1,50,8,27,80,14,5,4.34,8.11,
83,2,50,8,27,80,14,5,4.93,8.16,
83,3,50,8,27,80,14,5,4.67,8.14,
83,4,50,8,27,80,14,5,4.74,8,
83,5,50,8,27,80,14,5,,,
83,6,50,8,27,80,14,5,4.76,8.05,
83,7,50,8,27,80,14,5,4.76,8.05,
83,8,50,8,27,80,14,5,4.76,8.05,
83,9,50,8,27,80,14,5,4.8,8.36,
83,10,50,8,27,80,14,5,4.82,8.43,
83,11,50,8,27,80,14,5,,,
83,12,50,8,27,80,14,5,,,
84,1,50,8,28,83,14.3,5,4.26,7.92,
84,2,50,8,28,83,14.3,5,4.28,8.39,
84,3,50,8,28,83,14.3,5,4.22,8.39,
84,4,50,8,28,83,14.3,5,4.13,8.39,
84,5,50,8,28,83,14.3,5,,,
84,6,50,8,28,83,14.3,5,4.12,8.41,
84,7,50,8,28,83,14.3,5,4.85,8.26,
84,8,50,8,28,83,14.3,5,,,
84,9,50,8,28,83,14.3,5,,,
84,10,50,8,28,83,14.3,5,4.91,8.39,
84,11,50,8,28,83,14.3,5,4.92,8.24,
84,12,50,8,28,83,14.3,5,,,
85,1,50,8,20,67,12.7,5,5.4,9.04,lin+10
85,2,50,8,20,67,12.7,5,5.49,9.16,
85,3,50,8,20,67,12.7,5,5.32,9.24,
85,4,50,8,20,67,12.7,5,5.66,9.05,
85,5,50,8,20,67,12.7,5,5.6,9.2,
85,6,50,8,20,67,12.7,5,5.34,9.04,
85,7,50,8,20,67,12.7,5,5.34,9.04,
85,8,50,8,20,67,12.7,5,5.34,9,
85,9,50,8,20,67,12.7,5,5.69,9.17,
85,10,50,8,20,67,12.7,5,5.68,9.16,
85,11,50,8,20,67,12.7,5,,,
85,12,50,8,20,67,12.7,5,5.72,9.45,
86,1,50,8,21,70,13,5,5.85,8.64,
86,2,50,8,21,70,13,5,,,
86,3,50,8,21,70,13,5,5.56,9.02,
86,4,50,8,21,70,13,5,5.56,9.13,
86,5,50,8,21,70,13,5,5.72,9.13,
86,6,50,8,21,70,13,5,5.7,9.19,
86,7,50,8,21,70,13,5,5.23,9.34,
86,8,50,8,21,70,13,5,5.29,9.44,
86,9,50,8,21,70,13,5,5.73,9.58,
86,10,50,8,21,70,13,5,5.81,9.31,
86,11,50,8,21,70,13,5,,,
86,12,50,8,21,70,13,5,5.42,9.04,
87,1,50,8,22,73,13.3,5,6.07,9.28,
87,2,50,8,22,73,13.3,5,,,
87,3,50,8,22,73,13.3,5,,,
87,4,50,8,22,73,13.3,5,,,
87,5,50,8,22,73,13.3,5,5.89,9.44,
87,6,50,8,22,73,13.3,5,5.89,9.02,
87,7,50,8,22,73,13.3,5,,,
87,8,50,8,22,73,13.3,5,5.61,9.06,
87,9,50,8,22,73,13.3,5,5.49,8.99,
87,10,50,8,22,73,13.3,5,5.33,8.9,
87,11,50,8,22,73,13.3,5,5.3,8.9,
88,1,50,8,23,77,13.7,5,5.61,8.49,
88,2,50,8,23,77,13.7,5,5.56,8.4,
88,3,50,8,23,77,13.7,5,5.42,8.68,
88,4,50,8,23,77,13.7,5,5.42,8.58,
88,5,50,8,23,77,13.7,5,5.42,8.45,
88,6,50,8,23,77,13.7,5,5.4,8.42,
88,7,50,8,23,77,13.7,5,5.13,8.42,
88,8,50,8,23,77,13.7,5,5.19,8.25,
88,9,50,8,23,77,13.7,5,5.19,8.21,
88,10,50,8,23,77,13.7,5,5.08,8.11,
88,11,50,8,23,77,13.7,5,5.05,8.11,
88,12,50,8,23,77,13.7,5,5.05,8.32,
89,1,50,8,24,80,14,5,5.71,8.58,
89,2,50,8,24,80,14,5,5.71,8.4,
89,3,50,8,24,80,14,5,,,
89,4,50,8,24,80,14,5,5.99,8.76,
89,5,50,8,24,80,14,5,5.82,8.8,
89,6,50,8,24,80,14,5,5.8,8.8,
89,7,50,8,24,80,14,5,,,
89,8,50,8,24,80,14,5,5.14,8.43,
89,9,50,8,24,80,14,5,5.26,8.41,
89,10,50,8,24,80,14,5,,,
89,11,50,8,24,80,14,5,,,
89,12,50,8,24,80,14,5,5.07,8.14,
90,1,50,8,25,83,14.3,5,,,
90,2,50,8,25,83,14.3,5,,,
90,3,50,8,25,83,14.3,5,5.22,8.52,
90,4,50,8,25,83,14.3,5,5.08,8.34,
90,5,50,8,25,83,14.3,5,5.22,8.34,
90,6,50,8,25,83,14.3,5,5.22,8.17,
90,7,50,8,25,83,14.3,5,5.41,8.2,
90,8,50,8,25,83,14.3,5,5.79,8.34,
90,9,50,8,25,83,14.3,5,5.4,8.25,
90,10,50,8,25,83,14.3,5,,,
90,11,50,8,25,83,14.3,5,5.05,7.87,
90,12,50,8,25,83,14.3,5,5.01,7.89,
91,1,50,8,26,87,14.7,5,5.16,7.77,
91,2,50,8,26,87,14.7,5,,,
91,3,50,8,26,87,14.7,5,5.01,7.99,
91,4,50,8,26,87,14.7,5,4.99,8.13,
91,5,50,8,26,87,14.7,5,5.11,8.13,
91,6,50,8,26,87,14.7,5,5.05,8.04,
91,7,50,8,26,87,14.7,5,5.25,8.1,
91,8,50,8,26,87,14.7,5,5.17,8.03,
91,9,50,8,26,87,14.7,5,5.02,7.99,
91,10,50,8,26,87,14.7,5,5.02,7.94,
91,11,50,8,26,87,14.7,5,5.02,7.98,
91,12,50,8,26,87,14.7,5,4.97,8.01,
92,1,50,8,27,90,15,5,5.23,7.96,
92,2,50,8,27,90,15,5,,,
92,3,50,8,27,90,15,5,5.4,8.15,
92,4,50,8,27,90,15,5,5.4,8.15,
92,5,50,8,27,90,15,5,,,
92,6,50,8,27,90,15,5,5.11,8.46,
92,7,50,8,27,90,15,5,5.08,8.4,
92,8,50,8,27,90,15,5,,,
92,9,50,8,27,90,15,5,5.51,8.55,
92,10,50,8,27,90,15,5,5.47,8.51,
92,11,50,8,27,90,15,5,5.44,8.43,
92,12,50,8,27,90,15,5,5.42,8.22,
93,1,50,8,28,93,15.3,5,,,
93,2,50,8,28,93,15.3,5,5.14,7.67,
93,3,50,8,28,93,15.3,5,,,
93,4,50,8,28,93,15.3,5,5.02,7.8,
93,5,50,8,28,93,15.3,5,4.96,7.56,
93,6,50,8,28,93,15.3,5,4.9,7.43,
93,7,50,8,28,93,15.3,5,,,
93,8,50,8,28,93,15.3,5,4.66,7.33,
93,9,50,8,28,93,15.3,5,4.66,7.3,
93,10,50,8,28,93,15.3,5,,,
93,11,50,8,28,93,15.3,5,,,
93,12,50,8,28,93,15.3,5,5.03,7.99,
94,1,50,8,20,72,13.2,5,4.91,8.47,lin+15
94,2,50,8,20,72,13.2,5,,,
94,3,50,8,20,72,13.2,5,5.02,8.5,
94,4,50,8,20,72,13.2,5,5.14,8.31,
94,5,50,8,20,72,13.2,5,5.47,8.09,
94,6,50,8,20,72,13.2,5,5.47,8.11,
94,7,50,8,20,72,13.2,5,5.25,8.2,
94,8,50,8,20,72,13.2,5,5.14,8.2,
94,9,50,8,20,72,13.2,5,5.1,7.94,
94,10,50,8,20,72,13.2,5,4.98,7.66,
94,11,50,8,20,72,13.2,5,,,
94,12,50,8,20,72,13.2,5,5.41,8.23,
95,1,50,8,21,75,13.5,5,5.06,7.93,
95,2,50,8,21,75,13.5,5,,,
95,3,50,8,21,75,13.5,5,5.01,7.9,
95,4,50,8,21,75,13.5,5,,,
95,5,50,8,21,75,13.5,5,5.42,7.67,
95,6,50,8,21,75,13.5,5,5.37,8.04,
95,7,50,8,21,75,13.5,5,5.3,8.04,
95,8,50,8,21,75,13.5,5,5.11,8.21,
95,9,50,8,21,75,13.5,5,5.04,8.25,
95,10,50,8,21,75,13.5,5,4.99,8.3,
95,11,50,8,21,75,13.5,5,4.78,8.62,
95,12,50,8,21,75,13.5,5,4.78,8.74,
96,1,50,8,22,78,13.8,5,,,
96,2,50,8,22,78,13.8,5,5.3,8.45,
96,3,50,8,22,78,13.8,5,5.25,8.45,
96,4,50,8,22,78,13.8,5,,,
96,5,50,8,22,78,13.8,5,5.4,8.76,
96,6,50,8,22,78,13.8,5,5.16,8.31,
96,7,50,8,22,78,13.8,5,5.16,8.3,
96,8,50,8,22,78,13.8,5,5.03,8.15,
96,9,50,8,22,78,13.8,5,5.01,8.1,
96,10,50,8,22,78,13.8,5,,,
96,11,50,8,22,78,13.8,5,5.34,8.43,
97,1,50,8,23,82,14.2,5,5.7,8.67,
97,2,50,8,23,82,14.2,5,5.58,8.67,
97,3,50,8,23,82,14.2,5,,,
97,4,50,8,23,82,14.2,5,5.45,8.84,
97,5,50,8,23,82,14.2,5,5.45,8.89,
97,6,50,8,23,82,14.2,5,5.41,9.03,
97,7,50,8,23,82,14.2,5,5.44,9.11,
97,8,50,8,23,82,14.2,5,,,
97,9,50,8,23,82,14.2,5,5.67,9.32,
97,10,50,8,23,82,14.2,5,5.72,9.29,
97,11,50,8,23,82,14.2,5,,,
97,12,50,8,23,82,14.2,5,5.68,9.78,
98,1,50,8,24,85,14.5,5,5.61,8.35,
98,2,50,8,24,85,14.5,5,,,
98,3,50,8,24,85,14.5,5,5.39,8.56,
98,4,50,8,24,85,14.5,5,5.39,8.69,
98,5,50,8,24,85,14.5,5,5.28,8.63,
98,6,50,8,24,85,14.5,5,5.57,8.49,
98,7,50,8,24,85,14.5,5,,,
98,8,50,8,24,85,14.5,5,5.17,8.11,
98,9,50,8,24,85,14.5,5,,,
98,10,50,8,24,85,14.5,5,5.26,8.54,
98,11,50,8,24,85,14.5,5,5.3,8.5,
98,12,50,8,24,85,14.5,5,5.34,8.39,
99,1,50,8,25,88,14.8,5,5.37,8.73,
99,2,50,8,25,88,14.8,5,5.3,8.8,
99,3,50,8,25,88,14.8,5,5.32,8.79,
99,4,50,8,25,88,14.8,5,5.26,8.56,
99,5,50,8,25,88,14.8,5,5.4,8.49,
99,6,50,8,25,88,14.8,5,5.37,8.35,
99,7,50,8,25,88,14.8,5,5.31,8.33,
99,8,50,8,25,88,14.8,5,5.31,8.33,
99,9,50,8,25,88,14.8,5,5.19,8.2,
99,10,50,8,25,88,14.8,5,5.23,8.36,
99,11,50,8,25,88,14.8,5,5.23,8.36,
99,12,50,8,25,88,14.8,5,5.16,8.43,
100,1,50,8,26,92,15.2,5,5.17,8.41,
100,2,50,8,26,92,15.2,5,5.13,8.41,
100,3,50,8,26,92,15.2,5,5.2,8.3,
100,4,50,8,26,92,15.2,5,5.11,8.23,
100,5,50,8,26,92,15.2,5,5.11,8.29,
100,6,50,8,26,92,15.2,5,5.27,8.45,
100,7,50,8,26,92,15.2,5,5.21,8.42,
100,8,50,8,26,92,15.2,5,,,
100,9,50,8,26,92,15.2,5,5.16,8.2,
100,10,50,8,26,92,15.2,5,5.3,8.29,
100,11,50,8,26,92,15.2,5,5.29,8.23,
100,12,50,8,26,92,15.2,5,5.19,8.17,
101,1,50,8,27,95,15.5,5,5.26,8.06,
101,2,50,8,27,95,15.5,5,5.26,8.09,
101,3,50,8,27,95,15.5,5,5.2,7.79,
101,4,50,8,27,95,15.5,5,5.06,7.79,
101,5,50,8,27,95,15.5,5,5.11,7.64,
101,6,50,8,27,95,15.5,5,5.13,7.5,
101,7,50,8,27,95,15.5,5,,,
101,8,50,8,27,95,15.5,5,5.01,8.32,
101,9,50,8,27,95,15.5,5,,,
101,10,50,8,27,95,15.5,5,4.99,8.33,
101,11,50,8,27,95,15.5,5,4.8,8.14,
101,12,50,8,27,95,15.5,5,4.8,8.23,
102,1,50,8,28,98,15.8,5,,,
102,2,50,8,28,98,15.8,5,5.33,7.85,
102,3,50,8,28,98,15.8,5,5.27,7.5,
102,4,50,8,28,98,15.8,5,5.09,7.56,
102,5,50,8,28,98,15.8,5,5.09,7.8,
102,6,50,8,28,98,15.8,5,5.03,7.89,
102,7,50,8,28,98,15.8,5,,,
102,8,50,8,28,98,15.8,5,4.95,8.1,
102,9,50,8,28,98,15.8,5,4.9,8.04,
102,10,50,8,28,98,15.8,5,5.01,7.99,
102,11,50,8,28,98,15.8,5,,,
102,12,50,8,28,98,15.8,5,4.85,8.21,
