run_order,replicate,pressure,nozzle_diameter,robot_speed,do,extrusion_speed,slice_height,layer_height,layer_width,success
1,1,50,8,8,12,7.2,5,6.7,12.33,True
1,2,50,8,8,12,7.2,5,6.88,11.71,True
1,3,50,8,8,12,7.2,5,6.12,11.3,True
1,4,50,8,8,12,7.2,5,6.81,11.33,True
1,5,50,8,8,12,7.2,5,7.81,10.08,True
1,6,50,8,8,12,7.2,5,6.63,10.34,True
1,7,50,8,8,12,7.2,5,7.12,12.43,True
1,8,50,8,8,12,7.2,5,7.11,10.91,True
1,9,50,8,8,12,7.2,5,6.55,11.78,True
1,10,50,8,8,12,7.2,5,6.07,10.26,True
1,11,50,8,8,12,7.2,5,7.36,12.21,True
1,12,50,8,8,12,7.2,5,7.17,12.72,True
2,1,50,8,8,16,7.6,5,6.82,11.09,True
2,2,50,8,8,16,7.6,5,6.43,11.84,True
2,3,50,8,8,16,7.6,5,6.74,12.31,True
2,4,50,8,8,16,7.6,5,6.94,11.67,True
2,5,50,8,8,16,7.6,5,6.98,10.02,True
2,6,50,8,8,16,7.6,5,6.16,12.01,True
2,7,50,8,8,16,7.6,5,6.66,12.28,True
2,8,50,8,8,16,7.6,5,6.43,12.57,True
2,9,50,8,8,16,7.6,5,6.1,11.81,True
2,10,50,8,8,16,7.6,5,5.94,12.32,True
2,11,50,8,8,16,7.6,5,6.26,11.75,True
2,12,50,8,8,16,7.6,5,6.15,11.71,True
3,1,50,8,8,20,8.0,5,6.13,11.85,True
3,2,50,8,8,20,8.0,5,6.25,11.18,True
3,3,50,8,8,20,8.0,5,6.06,13.3,True
3,4,50,8,8,20,8.0,5,6.24,12.28,True
3,5,50,8,8,20,8.0,5,6.71,11.94,True
3,6,50,8,8,20,8.0,5,6.36,11.25,True
3,7,50,8,8,20,8.0,5,6.32,11.56,True
3,8,50,8,8,20,8.0,5,6.39,12.49,True
3,9,50,8,8,20,8.0,5,6.59,11.06,True
3,10,50,8,8,20,8.0,5,6.86,12.46,True
3,11,50,8,8,20,8.0,5,6.5,12.37,True
3,12,50,8,8,20,8.0,5,6.84,13.12,True
4,1,50,8,8,24,8.4,5,6.4,12.77,True
4,2,50,8,8,24,8.4,5,6.44,12.13,True
4,3,50,8,8,24,8.4,5,6.11,12.49,True
4,4,50,8,8,24,8.4,5,5.72,12.8,True
4,5,50,8,8,24,8.4,5,6.1,11.66,True
4,6,50,8,8,24,8.4,5,5.93,12.77,True
4,7,50,8,8,24,8.4,5,6.24,12.49,True
4,8,50,8,8,24,8.4,5,5.65,11.48,True
4,9,50,8,8,24,8.4,5,5.86,14.06,True
4,10,50,8,8,24,8.4,5,5.87,12.8,True
4,11,50,8,8,24,8.4,5,5.96,14.51,True
4,12,50,8,8,24,8.4,5,5.19,13.43,True
5,1,50,8,8,28,8.8,5,6.4,13.06,True
5,2,50,8,8,28,8.8,5,6.4,13.23,True
5,3,50,8,8,28,8.8,5,6.39,13.41,True
5,4,50,8,8,28,8.8,5,6.37,13.2,True
5,5,50,8,8,28,8.8,5,6.36,13.87,True
5,6,50,8,8,28,8.8,5,6.41,13.93,True
5,7,50,8,8,28,8.8,5,6.39,12.56,True
5,8,50,8,8,28,8.8,5,6.11,13.1,True
5,9,50,8,8,28,8.8,5,6.28,12.18,True
5,10,50,8,8,28,8.8,5,6.42,14.14,True
5,11,50,8,8,28,8.8,5,6.05,11.51,True
5,12,50,8,8,28,8.8,5,6.27,13.35,True
6,1,50,8,8,32,9.2,5,7.03,13.09,True
6,2,50,8,8,32,9.2,5,6.72,13.15,True
6,3,50,8,8,32,9.2,5,6.46,13.25,True
6,4,50,8,8,32,9.2,5,6.85,13.22,True
6,5,50,8,8,32,9.2,5,6.91,13.55,True
6,6,50,8,8,32,9.2,5,6.32,13.46,True
6,7,50,8,8,32,9.2,5,6.25,13.35,True
6,8,50,8,8,32,9.2,5,6.37,14.2,True
6,9,50,8,8,32,9.2,5,6.05,14.0,True
6,10,50,8,8,32,9.2,5,6.73,13.49,True
6,11,50,8,8,32,9.2,5,6.73,13.05,True
6,12,50,8,8,32,9.2,5,6.72,12.69,True
7,1,50,8,8,36,9.6,5,6.25,13.39,True
7,2,50,8,8,36,9.6,5,6.59,13.48,True
7,3,50,8,8,36,9.6,5,6.25,13.84,True
7,4,50,8,8,36,9.6,5,6.25,13.76,True
7,5,50,8,8,36,9.6,5,6.14,14.05,True
7,6,50,8,8,36,9.6,5,6.01,13.49,True
7,7,50,8,8,36,9.6,5,6.02,13.11,True
7,8,50,8,8,36,9.6,5,6.1,14.43,True
7,9,50,8,8,36,9.6,5,6.02,14.0,True
7,10,50,8,8,36,9.6,5,6.08,13.97,True
7,11,50,8,8,36,9.6,5,5.99,13.48,True
7,12,50,8,8,36,9.6,5,6.03,13.5,True
8,1,50,8,12,24,8.4,5,6.17,8.66,True
8,2,50,8,12,24,8.4,5,6.04,8.72,True
8,3,50,8,12,24,8.4,5,6.27,9.8,True
8,4,50,8,12,24,8.4,5,6.06,9.28,True
8,5,50,8,12,24,8.4,5,6.05,8.38,True
8,6,50,8,12,24,8.4,5,6.09,9.58,True
8,7,50,8,12,24,8.4,5,5.43,9.83,True
8,8,50,8,12,24,8.4,5,5.98,9.5,True
8,9,50,8,12,24,8.4,5,5.75,9.5,True
8,10,50,8,12,24,8.4,5,5.95,9.13,True
8,11,50,8,12,24,8.4,5,5.87,9.36,True
8,12,50,8,12,24,8.4,5,6.24,9.22,True
9,1,50,8,12,28,8.8,5,5.48,10.44,True
9,2,50,8,12,28,8.8,5,5.48,9.1,True
9,3,50,8,12,28,8.8,5,5.82,9.69,True
9,4,50,8,12,28,8.8,5,5.42,9.73,True
9,5,50,8,12,28,8.8,5,5.87,9.62,True
9,6,50,8,12,28,8.8,5,5.68,9.68,True
9,7,50,8,12,28,8.8,5,5.24,8.9,True
9,8,50,8,12,28,8.8,5,5.73,8.93,True
9,9,50,8,12,28,8.8,5,5.73,9.25,True
9,10,50,8,12,28,8.8,5,5.7,9.55,True
9,11,50,8,12,28,8.8,5,5.87,9.45,True
9,12,50,8,12,28,8.8,5,5.96,9.22,True
10,1,50,8,12,32,9.2,5,5.78,9.76,True
10,2,50,8,12,32,9.2,5,5.9,9.34,True
10,3,50,8,12,32,9.2,5,5.76,9.58,True
10,4,50,8,12,32,9.2,5,5.76,8.99,True
10,5,50,8,12,32,9.2,5,5.62,9.55,True
10,6,50,8,12,32,9.2,5,5.73,8.23,True
10,7,50,8,12,32,9.2,5,5.9,9.83,True
10,8,50,8,12,32,9.2,5,5.86,9.41,True
10,9,50,8,12,32,9.2,5,5.85,9.97,True
10,10,50,8,12,32,9.2,5,5.72,9.53,True
10,11,50,8,12,32,9.2,5,5.11,9.36,True
10,12,50,8,12,32,9.2,5,5.44,9.8,True
11,1,50,8,12,36,9.6,5,5.5,11.78,True
11,2,50,8,12,36,9.6,5,5.81,10.58,True
11,3,50,8,12,36,9.6,5,5.93,11.11,True
11,4,50,8,12,36,9.6,5,5.85,11.17,True
11,5,50,8,12,36,9.6,5,5.94,11.27,True
11,6,50,8,12,36,9.6,5,5.72,11.7,True
11,7,50,8,12,36,9.6,5,5.86,11.64,True
11,8,50,8,12,36,9.6,5,6.1,11.9,True
11,9,50,8,12,36,9.6,5,5.95,10.68,True
11,10,50,8,12,36,9.6,5,5.95,10.39,True
11,11,50,8,12,36,9.6,5,5.99,10.38,True
11,12,50,8,12,36,9.6,5,5.81,10.36,True
12,1,50,8,12,40,10.0,5,5.42,10.4,True
12,2,50,8,12,40,10.0,5,5.23,11.26,True
12,3,50,8,12,40,10.0,5,5.34,10.72,True
12,4,50,8,12,40,10.0,5,5.89,11.07,True
12,5,50,8,12,40,10.0,5,5.21,10.63,True
12,6,50,8,12,40,10.0,5,5.21,10.48,True
12,7,50,8,12,40,10.0,5,5.57,10.23,True
12,8,50,8,12,40,10.0,5,5.5,10.58,True
12,9,50,8,12,40,10.0,5,5.44,10.6,True
12,10,50,8,12,40,10.0,5,5.49,10.61,True
12,11,50,8,12,40,10.0,5,5.02,10.81,True
12,12,50,8,12,40,10.0,5,5.2,10.65,True
13,1,50,8,12,44,10.4,5,6.09,11.03,True
13,2,50,8,12,44,10.4,5,6.03,11.28,True
13,3,50,8,12,44,10.4,5,6.04,11.18,True
13,4,50,8,12,44,10.4,5,6.17,11.2,True
13,5,50,8,12,44,10.4,5,5.99,11.48,True
13,6,50,8,12,44,10.4,5,6.09,11.49,True
13,7,50,8,12,44,10.4,5,6.13,11.73,True
13,8,50,8,12,44,10.4,5,6.07,11.03,True
13,9,50,8,12,44,10.4,5,6.15,11.35,True
13,10,50,8,12,44,10.4,5,6.19,11.5,True
13,11,50,8,12,44,10.4,5,6.24,11.28,True
13,12,50,8,12,44,10.4,5,6.11,11.39,True
14,1,50,8,12,48,10.8,5,5.32,10.79,True
14,2,50,8,12,48,10.8,5,5.18,10.26,True
14,3,50,8,12,48,10.8,5,5.13,10.7,True
14,4,50,8,12,48,10.8,5,5.17,10.96,True
14,5,50,8,12,48,10.8,5,5.3,10.13,True
14,6,50,8,12,48,10.8,5,5.21,10.3,True
14,7,50,8,12,48,10.8,5,5.3,10.55,True
14,8,50,8,12,48,10.8,5,5.21,10.71,True
14,9,50,8,12,48,10.8,5,5.3,10.41,True
14,10,50,8,12,48,10.8,5,5.38,10.61,True
14,11,50,8,12,48,10.8,5,5.18,10.68,True
14,12,50,8,12,48,10.8,5,5.48,10.34,True
15,1,50,8,16,36,9.6,5,5.54,8.55,True
15,2,50,8,16,36,9.6,5,5.03,8.55,True
15,3,50,8,16,36,9.6,5,5.04,8.24,True
15,4,50,8,16,36,9.6,5,5.3,8.3,True
15,5,50,8,16,36,9.6,5,5.46,8.57,True
15,6,50,8,16,36,9.6,5,5.1,8.49,True
15,7,50,8,16,36,9.6,5,5.25,8.45,True
15,8,50,8,16,36,9.6,5,5.54,8.54,True
15,9,50,8,16,36,9.6,5,5.61,8.37,True
15,10,50,8,16,36,9.6,5,5.29,8.71,True
15,11,50,8,16,36,9.6,5,5.41,8.95,True
15,12,50,8,16,36,9.6,5,5.41,8.68,True
16,1,50,8,16,40,10.0,5,5.6,8.04,True
16,2,50,8,16,40,10.0,5,5.24,8.44,True
16,3,50,8,16,40,10.0,5,4.97,8.25,True
16,4,50,8,16,40,10.0,5,4.88,8.48,True
16,5,50,8,16,40,10.0,5,4.8,8.57,True
16,6,50,8,16,40,10.0,5,4.93,8.45,True
16,7,50,8,16,40,10.0,5,4.81,8.58,True
16,8,50,8,16,40,10.0,5,4.84,8.25,True
16,9,50,8,16,40,10.0,5,4.84,8.49,True
16,10,50,8,16,40,10.0,5,4.93,8.3,True
16,11,50,8,16,40,10.0,5,4.74,8.32,True
16,12,50,8,16,40,10.0,5,4.86,8.15,True
17,1,50,8,16,44,10.4,5,4.89,8.89,True
17,2,50,8,16,44,10.4,5,4.76,8.53,True
17,3,50,8,16,44,10.4,5,4.66,8.51,True
17,4,50,8,16,44,10.4,5,4.97,8.42,True
17,5,50,8,16,44,10.4,5,4.97,8.81,True
17,6,50,8,16,44,10.4,5,4.87,8.62,True
17,7,50,8,16,44,10.4,5,4.77,8.54,True
17,8,50,8,16,44,10.4,5,4.91,8.57,True
17,9,50,8,16,44,10.4,5,4.99,8.65,True
17,10,50,8,16,44,10.4,5,5.02,8.85,True
17,11,50,8,16,44,10.4,5,5.12,8.88,True
17,12,50,8,16,44,10.4,5,5.29,8.67,True
18,1,50,8,16,48,10.8,5,4.96,8.44,True
18,2,50,8,16,48,10.8,5,4.96,8.9,True
18,3,50,8,16,48,10.8,5,5.29,8.32,True
18,4,50,8,16,48,10.8,5,5.15,8.45,True
18,5,50,8,16,48,10.8,5,5.32,8.47,True
18,6,50,8,16,48,10.8,5,5.03,8.53,True
18,7,50,8,16,48,10.8,5,5.02,8.73,True
18,8,50,8,16,48,10.8,5,4.97,8.58,True
18,9,50,8,16,48,10.8,5,5.0,8.84,True
18,10,50,8,16,48,10.8,5,5.18,8.58,True
18,11,50,8,16,48,10.8,5,5.06,8.89,True
18,12,50,8,16,48,10.8,5,5.16,9.02,True
19,1,50,8,16,52,11.2,5,4.5,9.57,True
19,2,50,8,16,52,11.2,5,4.91,10.14,True
19,3,50,8,16,52,11.2,5,5.04,9.68,True
19,4,50,8,16,52,11.2,5,5.31,9.99,True
19,5,50,8,16,52,11.2,5,5.11,9.94,True
19,6,50,8,16,52,11.2,5,5.45,9.88,True
19,7,50,8,16,52,11.2,5,5.19,9.55,True
19,8,50,8,16,52,11.2,5,5.76,9.31,True
19,9,50,8,16,52,11.2,5,5.23,9.28,True
19,10,50,8,16,52,11.2,5,4.94,9.32,True
19,11,50,8,16,52,11.2,5,4.88,9.23,True
19,12,50,8,16,52,11.2,5,4.9,9.25,True
20,1,50,8,16,56,11.6,5,5.2,8.62,True
20,2,50,8,16,56,11.6,5,4.87,8.66,True
20,3,50,8,16,56,11.6,5,5.06,8.61,True
20,4,50,8,16,56,11.6,5,4.82,8.71,True
20,5,50,8,16,56,11.6,5,4.7,8.46,True
20,6,50,8,16,56,11.6,5,4.65,8.7,True
20,7,50,8,16,56,11.6,5,4.61,8.74,True
20,8,50,8,16,56,11.6,5,4.67,8.59,True
20,9,50,8,16,56,11.6,5,4.68,8.94,True
20,10,50,8,16,56,11.6,5,4.74,9.1,True
20,11,50,8,16,56,11.6,5,4.84,9.07,True
20,12,50,8,16,56,11.6,5,4.82,9.02,True
21,1,50,8,16,60,12.0,5,5.6,9.53,True
21,2,50,8,16,60,12.0,5,5.7,9.62,True
21,3,50,8,16,60,12.0,5,5.07,9.58,True
21,4,50,8,16,60,12.0,5,5.19,9.9,True
21,5,50,8,16,60,12.0,5,5.13,9.7,True
21,6,50,8,16,60,12.0,5,5.24,9.87,True
21,7,50,8,16,60,12.0,5,5.36,9.88,True
21,8,50,8,16,60,12.0,5,5.64,9.9,True
21,9,50,8,16,60,12.0,5,5.49,9.84,True
21,10,50,8,16,60,12.0,5,5.76,9.83,True
21,11,50,8,16,60,12.0,5,5.85,9.9,True
21,12,50,8,16,60,12.0,5,5.82,9.93,True
22,1,50,8,20,48,10.8,5,5.96,9.5,True
22,2,50,8,20,48,10.8,5,5.68,10.6,True
22,3,50,8,20,48,10.8,5,5.62,8.78,True
22,4,50,8,20,48,10.8,5,5.82,10.52,True
22,5,50,8,20,48,10.8,5,5.99,9.64,True
22,6,50,8,20,48,10.8,5,6.43,9.17,True
22,7,50,8,20,48,10.8,5,5.48,9.55,True
22,8,50,8,20,48,10.8,5,5.32,9.38,True
22,9,50,8,20,48,10.8,5,5.54,9.62,True
22,10,50,8,20,48,10.8,5,5.83,8.32,True
22,11,50,8,20,48,10.8,5,5.25,8.06,True
22,12,50,8,20,48,10.8,5,5.54,7.63,True
23,1,50,8,20,52,11.2,5,6.34,9.87,True
23,2,50,8,20,52,11.2,5,5.95,9.39,True
23,3,50,8,20,52,11.2,5,5.92,8.99,True
23,4,50,8,20,52,11.2,5,6.15,9.02,True
23,5,50,8,20,52,11.2,5,6.26,9.52,True
23,6,50,8,20,52,11.2,5,5.33,9.33,True
23,7,50,8,20,52,11.2,5,5.91,9.18,True
23,8,50,8,20,52,11.2,5,5.42,7.81,True
23,9,50,8,20,52,11.2,5,5.94,8.44,True
23,10,50,8,20,52,11.2,5,6.1,8.75,True
23,11,50,8,20,52,11.2,5,5.65,8.95,True
23,12,50,8,20,52,11.2,5,5.43,8.75,True
24,1,50,8,20,56,11.6,5,5.67,8.73,True
24,2,50,8,20,56,11.6,5,5.28,10.16,True
24,3,50,8,20,56,11.6,5,5.7,10.66,True
24,4,50,8,20,56,11.6,5,6.55,9.07,True
24,5,50,8,20,56,11.6,5,5.18,8.11,True
24,6,50,8,20,56,11.6,5,5.71,8.02,True
24,7,50,8,20,56,11.6,5,5.97,7.94,True
24,8,50,8,20,56,11.6,5,5.56,8.73,True
24,9,50,8,20,56,11.6,5,6.46,9.41,True
24,10,50,8,20,56,11.6,5,6.24,10.05,True
24,11,50,8,20,56,11.6,5,5.5,9.57,True
24,12,50,8,20,56,11.6,5,5.98,10.21,True
25,1,50,8,20,60,12.0,5,5.49,9.98,True
25,2,50,8,20,60,12.0,5,5.54,9.65,True
25,3,50,8,20,60,12.0,5,5.58,9.35,True
25,4,50,8,20,60,12.0,5,5.95,9.04,True
25,5,50,8,20,60,12.0,5,5.24,9.65,True
25,6,50,8,20,60,12.0,5,5.37,10.02,True
25,7,50,8,20,60,12.0,5,5.32,10.13,True
25,8,50,8,20,60,12.0,5,5.18,9.43,True
25,9,50,8,20,60,12.0,5,5.71,9.97,True
25,10,50,8,20,60,12.0,5,5.17,9.42,True
25,11,50,8,20,60,12.0,5,5.8,9.51,True
25,12,50,8,20,60,12.0,5,5.66,9.47,True
26,1,50,8,20,64,12.4,5,5.22,9.26,True
26,2,50,8,20,64,12.4,5,5.07,9.65,True
26,3,50,8,20,64,12.4,5,5.12,9.9,True
26,4,50,8,20,64,12.4,5,5.74,9.93,True
26,5,50,8,20,64,12.4,5,5.61,9.99,True
26,6,50,8,20,64,12.4,5,5.26,9.88,True
26,7,50,8,20,64,12.4,5,5.24,9.72,True
26,8,50,8,20,64,12.4,5,5.43,9.55,True
26,9,50,8,20,64,12.4,5,5.61,9.8,True
26,10,50,8,20,64,12.4,5,5.05,9.41,True
26,11,50,8,20,64,12.4,5,5.67,9.53,True
26,12,50,8,20,64,12.4,5,5.95,9.89,True
27,1,50,8,20,68,12.8,5,6.3,9.77,True
27,2,50,8,20,68,12.8,5,6.36,9.91,True
27,3,50,8,20,68,12.8,5,6.82,9.88,True
27,4,50,8,20,68,12.8,5,5.68,9.62,True
27,5,50,8,20,68,12.8,5,6.33,9.31,True
27,6,50,8,20,68,12.8,5,6.02,8.66,True
27,7,50,8,20,68,12.8,5,6.18,10.08,True
27,8,50,8,20,68,12.8,5,6.06,10.44,True
27,9,50,8,20,68,12.8,5,6.11,9.85,True
27,10,50,8,20,68,12.8,5,5.89,10.07,True
27,11,50,8,20,68,12.8,5,6.05,9.71,True
27,12,50,8,20,68,12.8,5,6.46,9.88,True
28,1,50,8,20,72,13.2,5,5.62,9.09,True
28,2,50,8,20,72,13.2,5,5.36,10.22,True
28,3,50,8,20,72,13.2,5,5.33,10.36,True
28,4,50,8,20,72,13.2,5,5.35,10.51,True
28,5,50,8,20,72,13.2,5,5.32,10.38,True
28,6,50,8,20,72,13.2,5,5.17,10.57,True
28,7,50,8,20,72,13.2,5,5.69,10.55,True
28,8,50,8,20,72,13.2,5,5.7,10.66,True
28,9,50,8,20,72,13.2,5,5.59,9.79,True
28,10,50,8,20,72,13.2,5,5.71,10.5,True
28,11,50,8,20,72,13.2,5,5.69,9.93,True
28,12,50,8,20,72,13.2,5,5.66,9.9,True
29,1,50,8,24,60,12.0,5,5.8,8.03,True
29,2,50,8,24,60,12.0,5,5.88,8.31,True
29,3,50,8,24,60,12.0,5,5.72,8.64,True
29,4,50,8,24,60,12.0,5,5.55,8.44,True
29,5,50,8,24,60,12.0,5,5.79,8.62,True
29,6,50,8,24,60,12.0,5,5.64,8.14,True
29,7,50,8,24,60,12.0,5,5.68,8.72,True
29,8,50,8,24,60,12.0,5,5.25,8.57,True
29,9,50,8,24,60,12.0,5,5.22,8.65,True
29,10,50,8,24,60,12.0,5,5.54,8.2,True
29,11,50,8,24,60,12.0,5,5.76,8.96,True
29,12,50,8,24,60,12.0,5,5.51,8.89,True
30,1,50,8,24,64,12.4,5,5.08,8.95,True
30,2,50,8,24,64,12.4,5,4.54,10.44,True
30,3,50,8,24,64,12.4,5,4.46,10.17,True
30,4,50,8,24,64,12.4,5,4.51,10.23,True
30,5,50,8,24,64,12.4,5,5.08,9.96,True
30,6,50,8,24,64,12.4,5,5.35,9.74,True
30,7,50,8,24,64,12.4,5,4.93,9.2,True
30,8,50,8,24,64,12.4,5,5.01,8.99,True
30,9,50,8,24,64,12.4,5,5.04,8.95,True
30,10,50,8,24,64,12.4,5,5.09,8.64,True
30,11,50,8,24,64,12.4,5,5.08,8.52,True
30,12,50,8,24,64,12.4,5,4.91,8.83,True
31,1,50,8,24,68,12.8,5,5.31,9.37,True
31,2,50,8,24,68,12.8,5,5.47,7.36,True
31,3,50,8,24,68,12.8,5,5.18,9.68,True
31,4,50,8,24,68,12.8,5,5.24,9.14,True
31,5,50,8,24,68,12.8,5,5.42,9.08,True
31,6,50,8,24,68,12.8,5,5.51,9.84,True
31,7,50,8,24,68,12.8,5,5.19,9.21,True
31,8,50,8,24,68,12.8,5,5.83,9.84,True
31,9,50,8,24,68,12.8,5,5.44,9.81,True
31,10,50,8,24,68,12.8,5,5.37,8.79,True
31,11,50,8,24,68,12.8,5,5.57,9.65,True
31,12,50,8,24,68,12.8,5,5.42,9.52,True
32,1,50,8,24,72,13.2,5,5.35,7.96,True
32,2,50,8,24,72,13.2,5,5.03,8.49,True
32,3,50,8,24,72,13.2,5,4.53,7.91,True
32,4,50,8,24,72,13.2,5,5.37,7.92,True
32,5,50,8,24,72,13.2,5,5.35,9.01,True
32,6,50,8,24,72,13.2,5,5.33,8.91,True
32,7,50,8,24,72,13.2,5,5.46,9.51,True
32,8,50,8,24,72,13.2,5,5.44,9.18,True
32,9,50,8,24,72,13.2,5,5.45,9.31,True
32,10,50,8,24,72,13.2,5,5.49,9.02,True
32,11,50,8,24,72,13.2,5,5.51,8.42,True
32,12,50,8,24,72,13.2,5,5.38,7.7,True
33,1,50,8,24,76,13.6,5,5.56,8.26,True
33,2,50,8,24,76,13.6,5,5.52,8.44,True
33,3,50,8,24,76,13.6,5,5.34,8.24,True
33,4,50,8,24,76,13.6,5,5.4,9.12,True
33,5,50,8,24,76,13.6,5,5.41,8.54,True
33,6,50,8,24,76,13.6,5,5.43,8.28,True
33,7,50,8,24,76,13.6,5,5.43,8.52,True
33,8,50,8,24,76,13.6,5,5.56,8.48,True
33,9,50,8,24,76,13.6,5,5.55,8.83,True
33,10,50,8,24,76,13.6,5,5.04,9.01,True
33,11,50,8,24,76,13.6,5,5.0,9.03,True
33,12,50,8,24,76,13.6,5,4.95,8.53,True
34,1,50,8,24,80,14.0,5,4.76,8.35,True
34,2,50,8,24,80,14.0,5,4.73,8.96,True
34,3,50,8,24,80,14.0,5,5.08,8.84,True
34,4,50,8,24,80,14.0,5,5.01,9.37,True
34,5,50,8,24,80,14.0,5,5.16,9.33,True
34,6,50,8,24,80,14.0,5,5.05,9.2,True
34,7,50,8,24,80,14.0,5,5.04,8.07,True
34,8,50,8,24,80,14.0,5,5.19,7.95,True
34,9,50,8,24,80,14.0,5,5.2,8.71,True
34,10,50,8,24,80,14.0,5,5.2,8.92,True
34,11,50,8,24,80,14.0,5,5.17,8.61,True
34,12,50,8,24,80,14.0,5,5.14,7.95,True
35,1,50,8,24,84,14.4,5,5.13,7.29,True
35,2,50,8,24,84,14.4,5,5.35,8.93,True
35,3,50,8,24,84,14.4,5,5.37,8.07,True
35,4,50,8,24,84,14.4,5,5.29,8.54,True
35,5,50,8,24,84,14.4,5,5.3,9.1,True
35,6,50,8,24,84,14.4,5,5.3,9.11,True
35,7,50,8,24,84,14.4,5,5.3,8.74,True
35,8,50,8,24,84,14.4,5,5.22,8.9,True
35,9,50,8,24,84,14.4,5,5.2,9.51,True
35,10,50,8,24,84,14.4,5,4.99,8.69,True
35,11,50,8,24,84,14.4,5,4.89,8.88,True
35,12,50,8,24,84,14.4,5,5.03,8.27,True
36,1,50,8,28,72,13.2,5,5.05,7.35,False
36,2,50,8,28,72,13.2,5,5.18,7.24,False
36,3,50,8,28,72,13.2,5,5.2,8.63,False
36,4,50,8,28,72,13.2,5,5.22,8.26,False
36,5,50,8,28,72,13.2,5,5.14,7.44,False
36,6,50,8,28,72,13.2,5,5.01,7.46,False
36,7,50,8,28,72,13.2,5,5.21,8.245000000000001,False
36,8,50,8,28,72,13.2,5,5.21,8.245000000000001,False
36,9,50,8,28,72,13.2,5,5.37,8.23,False
36,10,50,8,28,72,13.2,5,5.36,8.9,False
36,11,50,8,28,72,13.2,5,5.24,8.81,False
36,12,50,8,28,72,13.2,5,5.27,8.52,False
37,1,50,8,28,76,13.6,5,5.25,8.07,False
37,2,50,8,28,76,13.6,5,5.22,7.93,False
37,3,50,8,28,76,13.6,5,5.05,7.55,False
37,4,50,8,28,76,13.6,5,4.7,7.61,False
37,5,50,8,28,76,13.6,5,4.81,7.66,False
37,6,50,8,28,76,13.6,5,5.06,8.24,False
37,7,50,8,28,76,13.6,5,5.02,8.06,False
37,8,50,8,28,76,13.6,5,5.05,8.01,False
37,9,50,8,28,76,13.6,5,5.04,8.06,False
37,10,50,8,28,76,13.6,5,5.03,9.35,False
37,11,50,8,28,76,13.6,5,5.04,9.71,False
37,12,50,8,28,76,13.6,5,5.03,8.54,False
38,1,50,8,28,80,14.0,5,5.11,8.53,False
38,2,50,8,28,80,14.0,5,5.26,8.3,False
38,3,50,8,28,80,14.0,5,4.97,8.24,False
38,4,50,8,28,80,14.0,5,4.7,7.15,False
38,5,50,8,28,80,14.0,5,5.31,7.78,False
38,6,50,8,28,80,14.0,5,5.3,8.09,False
38,7,50,8,28,80,14.0,5,5.27,8.37,False
38,8,50,8,28,80,14.0,5,5.26,8.47,False
38,9,50,8,28,80,14.0,5,5.2,8.3,False
38,10,50,8,28,80,14.0,5,5.2,7.92,False
38,11,50,8,28,80,14.0,5,5.55,8.5,False
38,12,50,8,28,80,14.0,5,5.55,8.91,False
39,1,50,8,28,84,14.4,5,5.22,8.66,False
39,2,50,8,28,84,14.4,5,5.06,8.12,False
39,3,50,8,28,84,14.4,5,4.73,7.81,False
39,4,50,8,28,84,14.4,5,5.31,7.88,False
39,5,50,8,28,84,14.4,5,5.32,8.27,False
39,6,50,8,28,84,14.4,5,5.28,8.82,False
39,7,50,8,28,84,14.4,5,5.06,7.75,False
39,8,50,8,28,84,14.4,5,5.01,8.19,False
39,9,50,8,28,84,14.4,5,4.99,8.03,False
39,10,50,8,28,84,14.4,5,5.01,8.18,False
39,11,50,8,28,84,14.4,5,4.85,8.12,False
39,12,50,8,28,84,14.4,5,5.06,7.95,False
40,1,50,8,28,88,14.8,5,4.76,9.24,False
40,2,50,8,28,88,14.8,5,4.76,8.99,False
40,3,50,8,28,88,14.8,5,4.81,8.27,False
40,4,50,8,28,88,14.8,5,4.81,8.94,False
40,5,50,8,28,88,14.8,5,4.7,8.69,False
40,6,50,8,28,88,14.8,5,4.66,8.68,False
40,7,50,8,28,88,14.8,5,4.81,8.99,False
40,8,50,8,28,88,14.8,5,5.59,8.97,False
40,9,50,8,28,88,14.8,5,5.56,9.45,False
40,10,50,8,28,88,14.8,5,5.4,9.64,False
40,11,50,8,28,88,14.8,5,5.18,9.51,False
40,12,50,8,28,88,14.8,5,5.13,9.06,False
41,1,50,8,28,92,15.2,5,5.08,9.23,False
41,2,50,8,28,92,15.2,5,4.82,9.13,False
41,3,50,8,28,92,15.2,5,4.8,9.09,False
41,4,50,8,28,92,15.2,5,4.8,9.09,False
41,5,50,8,28,92,15.2,5,4.69,9.1,False
41,6,50,8,28,92,15.2,5,4.7,9.09,False
41,7,50,8,28,92,15.2,5,4.9,8.57,False
41,8,50,8,28,92,15.2,5,4.21,7.52,False
41,9,50,8,28,92,15.2,5,4.9,9.49,False
41,10,50,8,28,92,15.2,5,4.77,9.53,False
41,11,50,8,28,92,15.2,5,4.7,8.66,False
41,12,50,8,28,92,15.2,5,4.89,8.95,False
42,1,50,8,28,96,15.6,5,4.6,8.94,False
42,2,50,8,28,96,15.6,5,4.61,9.14,False
42,3,50,8,28,96,15.6,5,4.64,8.21,False
42,4,50,8,28,96,15.6,5,4.97,9.3,False
42,5,50,8,28,96,15.6,5,4.74,9.19,False
42,6,50,8,28,96,15.6,5,4.66,8.31,False
42,7,50,8,28,96,15.6,5,4.57,7.38,False
42,8,50,8,28,96,15.6,5,4.94,8.3,False
42,9,50,8,28,96,15.6,5,4.59,8.94,False
42,10,50,8,28,96,15.6,5,4.66,8.94,False
42,11,50,8,28,96,15.6,5,4.99,9.13,False
42,12,50,8,28,96,15.6,5,4.8,9.2,False
