run_order,replicate,pressure,nozzle_diameter,robot_speed,do,extrusion_speed,slice_height,layer_height,layer_width,success,height_difference,width_difference
1,1,50,8,8,12,7.2,5,6.7,12.33,True,1.7000000000000002,4.33
1,2,50,8,8,12,7.2,5,6.88,11.71,True,1.88,3.710000000000001
1,3,50,8,8,12,7.2,5,6.12,11.3,True,1.12,3.3000000000000007
1,4,50,8,8,12,7.2,5,6.81,11.33,True,1.8099999999999996,3.33
1,5,50,8,8,12,7.2,5,7.81,10.08,True,2.8099999999999996,2.08
1,6,50,8,8,12,7.2,5,6.63,10.34,True,1.63,2.34
1,7,50,8,8,12,7.2,5,7.12,12.43,True,2.12,4.43
1,8,50,8,8,12,7.2,5,7.11,10.91,True,2.1100000000000003,2.91
1,9,50,8,8,12,7.2,5,6.55,11.78,True,1.5499999999999998,3.7799999999999994
1,10,50,8,8,12,7.2,5,6.07,10.26,True,1.0700000000000003,2.26
1,11,50,8,8,12,7.2,5,7.36,12.21,True,2.3600000000000003,4.210000000000001
1,12,50,8,8,12,7.2,5,7.17,12.72,True,2.17,4.720000000000001
2,1,50,8,8,16,7.6,5,6.82,11.09,True,1.8200000000000003,3.09
2,2,50,8,8,16,7.6,5,6.43,11.84,True,1.4299999999999997,3.84
2,3,50,8,8,16,7.6,5,6.74,12.31,True,1.7400000000000002,4.3100000000000005
2,4,50,8,8,16,7.6,5,6.94,11.67,True,1.9400000000000004,3.67
2,5,50,8,8,16,7.6,5,6.98,10.02,True,1.9800000000000004,2.0199999999999996
2,6,50,8,8,16,7.6,5,6.16,12.01,True,1.1600000000000001,4.01
2,7,50,8,8,16,7.6,5,6.66,12.28,True,1.6600000000000001,4.279999999999999
2,8,50,8,8,16,7.6,5,6.43,12.57,True,1.4299999999999997,4.57
2,9,50,8,8,16,7.6,5,6.1,11.81,True,1.0999999999999996,3.8100000000000005
2,10,50,8,8,16,7.6,5,5.94,12.32,True,0.9400000000000004,4.32
2,11,50,8,8,16,7.6,5,6.26,11.75,True,1.2599999999999998,3.75
2,12,50,8,8,16,7.6,5,6.15,11.71,True,1.1500000000000004,3.710000000000001
3,1,50,8,8,20,8.0,5,6.13,11.85,True,1.13,3.8499999999999996
3,2,50,8,8,20,8.0,5,6.25,11.18,True,1.25,3.1799999999999997
3,3,50,8,8,20,8.0,5,6.06,13.3,True,1.0599999999999996,5.300000000000001
3,4,50,8,8,20,8.0,5,6.24,12.28,True,1.2400000000000002,4.279999999999999
3,5,50,8,8,20,8.0,5,6.71,11.94,True,1.71,3.9399999999999995
3,6,50,8,8,20,8.0,5,6.36,11.25,True,1.3600000000000003,3.25
3,7,50,8,8,20,8.0,5,6.32,11.56,True,1.3200000000000003,3.5600000000000005
3,8,50,8,8,20,8.0,5,6.39,12.49,True,1.3899999999999997,4.49
3,9,50,8,8,20,8.0,5,6.59,11.06,True,1.5899999999999999,3.0600000000000005
3,10,50,8,8,20,8.0,5,6.86,12.46,True,1.8600000000000003,4.460000000000001
3,11,50,8,8,20,8.0,5,6.5,12.37,True,1.5,4.369999999999999
3,12,50,8,8,20,8.0,5,6.84,13.12,True,1.8399999999999999,5.119999999999999
4,1,50,8,8,24,8.4,5,6.4,12.77,True,1.4000000000000004,4.77
4,2,50,8,8,24,8.4,5,6.44,12.13,True,1.4400000000000004,4.130000000000001
4,3,50,8,8,24,8.4,5,6.11,12.49,True,1.1100000000000003,4.49
4,4,50,8,8,24,8.4,5,5.72,12.8,True,0.7199999999999998,4.800000000000001
4,5,50,8,8,24,8.4,5,6.1,11.66,True,1.0999999999999996,3.66
4,6,50,8,8,24,8.4,5,5.93,12.77,True,0.9299999999999997,4.77
4,7,50,8,8,24,8.4,5,6.24,12.49,True,1.2400000000000002,4.49
4,8,50,8,8,24,8.4,5,5.65,11.48,True,0.6500000000000004,3.4800000000000004
4,9,50,8,8,24,8.4,5,5.86,14.06,True,0.8600000000000003,6.0600000000000005
4,10,50,8,8,24,8.4,5,5.87,12.8,True,0.8700000000000001,4.800000000000001
4,11,50,8,8,24,8.4,5,5.96,14.51,True,0.96,6.51
4,12,50,8,8,24,8.4,5,5.19,13.43,True,0.1900000000000004,5.43
5,1,50,8,8,28,8.8,5,6.4,13.06,True,1.4000000000000004,5.0600000000000005
5,2,50,8,8,28,8.8,5,6.4,13.23,True,1.4000000000000004,5.23
5,3,50,8,8,28,8.8,5,6.39,13.41,True,1.3899999999999997,5.41
5,4,50,8,8,28,8.8,5,6.37,13.2,True,1.37,5.199999999999999
5,5,50,8,8,28,8.8,5,6.36,13.87,True,1.3600000000000003,5.869999999999999
5,6,50,8,8,28,8.8,5,6.41,13.93,True,1.4100000000000001,5.93
5,7,50,8,8,28,8.8,5,6.39,12.56,True,1.3899999999999997,4.5600000000000005
5,8,50,8,8,28,8.8,5,6.11,13.1,True,1.1100000000000003,5.1
5,9,50,8,8,28,8.8,5,6.28,12.18,True,1.2800000000000002,4.18
5,10,50,8,8,28,8.8,5,6.42,14.14,True,1.42,6.140000000000001
5,11,50,8,8,28,8.8,5,6.05,11.51,True,1.0499999999999998,3.51
5,12,50,8,8,28,8.8,5,6.27,13.35,True,1.2699999999999996,5.35
6,1,50,8,8,32,9.2,5,7.03,13.09,True,2.0300000000000002,5.09
6,2,50,8,8,32,9.2,5,6.72,13.15,True,1.7199999999999998,5.15
6,3,50,8,8,32,9.2,5,6.46,13.25,True,1.46,5.25
6,4,50,8,8,32,9.2,5,6.85,13.22,True,1.8499999999999996,5.220000000000001
6,5,50,8,8,32,9.2,5,6.91,13.55,True,1.9100000000000001,5.550000000000001
6,6,50,8,8,32,9.2,5,6.32,13.46,True,1.3200000000000003,5.460000000000001
6,7,50,8,8,32,9.2,5,6.25,13.35,True,1.25,5.35
6,8,50,8,8,32,9.2,5,6.37,14.2,True,1.37,6.199999999999999
6,9,50,8,8,32,9.2,5,6.05,14.0,True,1.0499999999999998,6.0
6,10,50,8,8,32,9.2,5,6.73,13.49,True,1.7300000000000004,5.49
6,11,50,8,8,32,9.2,5,6.73,13.05,True,1.7300000000000004,5.050000000000001
6,12,50,8,8,32,9.2,5,6.72,12.69,True,1.7199999999999998,4.6899999999999995
7,1,50,8,8,36,9.6,5,6.25,13.39,True,1.25,5.390000000000001
7,2,50,8,8,36,9.6,5,6.59,13.48,True,1.5899999999999999,5.48
7,3,50,8,8,36,9.6,5,6.25,13.84,True,1.25,5.84
7,4,50,8,8,36,9.6,5,6.25,13.76,True,1.25,5.76
7,5,50,8,8,36,9.6,5,6.14,14.05,True,1.1399999999999997,6.050000000000001
7,6,50,8,8,36,9.6,5,6.01,13.49,True,1.0099999999999998,5.49
7,7,50,8,8,36,9.6,5,6.02,13.11,True,1.0199999999999996,5.109999999999999
7,8,50,8,8,36,9.6,5,6.1,14.43,True,1.0999999999999996,6.43
7,9,50,8,8,36,9.6,5,6.02,14.0,True,1.0199999999999996,6.0
7,10,50,8,8,36,9.6,5,6.08,13.97,True,1.08,5.970000000000001
7,11,50,8,8,36,9.6,5,5.99,13.48,True,0.9900000000000002,5.48
7,12,50,8,8,36,9.6,5,6.03,13.5,True,1.0300000000000002,5.5
8,1,50,8,12,24,8.4,5,6.17,8.66,True,1.17,0.6600000000000001
8,2,50,8,12,24,8.4,5,6.04,8.72,True,1.04,0.7200000000000006
8,3,50,8,12,24,8.4,5,6.27,9.8,True,1.2699999999999996,1.8000000000000007
8,4,50,8,12,24,8.4,5,6.06,9.28,True,1.0599999999999996,1.2799999999999994
8,5,50,8,12,24,8.4,5,6.05,8.38,True,1.0499999999999998,0.3800000000000008
8,6,50,8,12,24,8.4,5,6.09,9.58,True,1.0899999999999999,1.58
8,7,50,8,12,24,8.4,5,5.43,9.83,True,0.4299999999999997,1.83
8,8,50,8,12,24,8.4,5,5.98,9.5,True,0.9800000000000004,1.5
8,9,50,8,12,24,8.4,5,5.75,9.5,True,0.75,1.5
8,10,50,8,12,24,8.4,5,5.95,9.13,True,0.9500000000000002,1.1300000000000008
8,11,50,8,12,24,8.4,5,5.87,9.36,True,0.8700000000000001,1.3599999999999994
8,12,50,8,12,24,8.4,5,6.24,9.22,True,1.2400000000000002,1.2200000000000006
9,1,50,8,12,28,8.8,5,5.48,10.44,True,0.4800000000000004,2.4399999999999995
9,2,50,8,12,28,8.8,5,5.48,9.1,True,0.4800000000000004,1.0999999999999996
9,3,50,8,12,28,8.8,5,5.82,9.69,True,0.8200000000000003,1.6899999999999995
9,4,50,8,12,28,8.8,5,5.42,9.73,True,0.41999999999999993,1.7300000000000004
9,5,50,8,12,28,8.8,5,5.87,9.62,True,0.8700000000000001,1.6199999999999992
9,6,50,8,12,28,8.8,5,5.68,9.68,True,0.6799999999999997,1.6799999999999997
9,7,50,8,12,28,8.8,5,5.24,8.9,True,0.2400000000000002,0.9000000000000004
9,8,50,8,12,28,8.8,5,5.73,8.93,True,0.7300000000000004,0.9299999999999997
9,9,50,8,12,28,8.8,5,5.73,9.25,True,0.7300000000000004,1.25
9,10,50,8,12,28,8.8,5,5.7,9.55,True,0.7000000000000002,1.5500000000000007
9,11,50,8,12,28,8.8,5,5.87,9.45,True,0.8700000000000001,1.4499999999999993
9,12,50,8,12,28,8.8,5,5.96,9.22,True,0.96,1.2200000000000006
10,1,50,8,12,32,9.2,5,5.78,9.76,True,0.7800000000000002,1.7599999999999998
10,2,50,8,12,32,9.2,5,5.9,9.34,True,0.9000000000000004,1.3399999999999999
10,3,50,8,12,32,9.2,5,5.76,9.58,True,0.7599999999999998,1.58
10,4,50,8,12,32,9.2,5,5.76,8.99,True,0.7599999999999998,0.9900000000000002
10,5,50,8,12,32,9.2,5,5.62,9.55,True,0.6200000000000001,1.5500000000000007
10,6,50,8,12,32,9.2,5,5.73,8.23,True,0.7300000000000004,0.23000000000000043
10,7,50,8,12,32,9.2,5,5.9,9.83,True,0.9000000000000004,1.83
10,8,50,8,12,32,9.2,5,5.86,9.41,True,0.8600000000000003,1.4100000000000001
10,9,50,8,12,32,9.2,5,5.85,9.97,True,0.8499999999999996,1.9700000000000006
10,10,50,8,12,32,9.2,5,5.72,9.53,True,0.7199999999999998,1.5299999999999994
10,11,50,8,12,32,9.2,5,5.11,9.36,True,0.11000000000000032,1.3599999999999994
10,12,50,8,12,32,9.2,5,5.44,9.8,True,0.4400000000000004,1.8000000000000007
11,1,50,8,12,36,9.6,5,5.5,11.78,True,0.5,3.7799999999999994
11,2,50,8,12,36,9.6,5,5.81,10.58,True,0.8099999999999996,2.58
11,3,50,8,12,36,9.6,5,5.93,11.11,True,0.9299999999999997,3.1099999999999994
11,4,50,8,12,36,9.6,5,5.85,11.17,True,0.8499999999999996,3.17
11,5,50,8,12,36,9.6,5,5.94,11.27,True,0.9400000000000004,3.2699999999999996
11,6,50,8,12,36,9.6,5,5.72,11.7,True,0.7199999999999998,3.6999999999999993
11,7,50,8,12,36,9.6,5,5.86,11.64,True,0.8600000000000003,3.6400000000000006
11,8,50,8,12,36,9.6,5,6.1,11.9,True,1.0999999999999996,3.9000000000000004
11,9,50,8,12,36,9.6,5,5.95,10.68,True,0.9500000000000002,2.6799999999999997
11,10,50,8,12,36,9.6,5,5.95,10.39,True,0.9500000000000002,2.3900000000000006
11,11,50,8,12,36,9.6,5,5.99,10.38,True,0.9900000000000002,2.380000000000001
11,12,50,8,12,36,9.6,5,5.81,10.36,True,0.8099999999999996,2.3599999999999994
12,1,50,8,12,40,10.0,5,5.42,10.4,True,0.41999999999999993,2.4000000000000004
12,2,50,8,12,40,10.0,5,5.23,11.26,True,0.23000000000000043,3.26
12,3,50,8,12,40,10.0,5,5.34,10.72,True,0.33999999999999986,2.7200000000000006
12,4,50,8,12,40,10.0,5,5.89,11.07,True,0.8899999999999997,3.0700000000000003
12,5,50,8,12,40,10.0,5,5.21,10.63,True,0.20999999999999996,2.630000000000001
12,6,50,8,12,40,10.0,5,5.21,10.48,True,0.20999999999999996,2.4800000000000004
12,7,50,8,12,40,10.0,5,5.57,10.23,True,0.5700000000000003,2.2300000000000004
12,8,50,8,12,40,10.0,5,5.5,10.58,True,0.5,2.58
12,9,50,8,12,40,10.0,5,5.44,10.6,True,0.4400000000000004,2.5999999999999996
12,10,50,8,12,40,10.0,5,5.49,10.61,True,0.4900000000000002,2.6099999999999994
12,11,50,8,12,40,10.0,5,5.02,10.81,True,0.019999999999999574,2.8100000000000005
12,12,50,8,12,40,10.0,5,5.2,10.65,True,0.20000000000000018,2.6500000000000004
13,1,50,8,12,44,10.4,5,6.09,11.03,True,1.0899999999999999,3.0299999999999994
13,2,50,8,12,44,10.4,5,6.03,11.28,True,1.0300000000000002,3.2799999999999994
13,3,50,8,12,44,10.4,5,6.04,11.18,True,1.04,3.1799999999999997
13,4,50,8,12,44,10.4,5,6.17,11.2,True,1.17,3.1999999999999993
13,5,50,8,12,44,10.4,5,5.99,11.48,True,0.9900000000000002,3.4800000000000004
13,6,50,8,12,44,10.4,5,6.09,11.49,True,1.0899999999999999,3.49
13,7,50,8,12,44,10.4,5,6.13,11.73,True,1.13,3.7300000000000004
13,8,50,8,12,44,10.4,5,6.07,11.03,True,1.0700000000000003,3.0299999999999994
13,9,50,8,12,44,10.4,5,6.15,11.35,True,1.1500000000000004,3.3499999999999996
13,10,50,8,12,44,10.4,5,6.19,11.5,True,1.1900000000000004,3.5
13,11,50,8,12,44,10.4,5,6.24,11.28,True,1.2400000000000002,3.2799999999999994
13,12,50,8,12,44,10.4,5,6.11,11.39,True,1.1100000000000003,3.3900000000000006
14,1,50,8,12,48,10.8,5,5.32,10.79,True,0.3200000000000003,2.789999999999999
14,2,50,8,12,48,10.8,5,5.18,10.26,True,0.17999999999999972,2.26
14,3,50,8,12,48,10.8,5,5.13,10.7,True,0.1299999999999999,2.6999999999999993
14,4,50,8,12,48,10.8,5,5.17,10.96,True,0.16999999999999993,2.960000000000001
14,5,50,8,12,48,10.8,5,5.3,10.13,True,0.2999999999999998,2.130000000000001
14,6,50,8,12,48,10.8,5,5.21,10.3,True,0.20999999999999996,2.3000000000000007
14,7,50,8,12,48,10.8,5,5.3,10.55,True,0.2999999999999998,2.5500000000000007
14,8,50,8,12,48,10.8,5,5.21,10.71,True,0.20999999999999996,2.710000000000001
14,9,50,8,12,48,10.8,5,5.3,10.41,True,0.2999999999999998,2.41
14,10,50,8,12,48,10.8,5,5.38,10.61,True,0.3799999999999999,2.6099999999999994
14,11,50,8,12,48,10.8,5,5.18,10.68,True,0.17999999999999972,2.6799999999999997
14,12,50,8,12,48,10.8,5,5.48,10.34,True,0.4800000000000004,2.34
15,1,50,8,16,36,9.6,5,5.54,8.55,True,0.54,0.5500000000000007
15,2,50,8,16,36,9.6,5,5.03,8.55,True,0.03000000000000025,0.5500000000000007
15,3,50,8,16,36,9.6,5,5.04,8.24,True,0.040000000000000036,0.2400000000000002
15,4,50,8,16,36,9.6,5,5.3,8.3,True,0.2999999999999998,0.3000000000000007
15,5,50,8,16,36,9.6,5,5.46,8.57,True,0.45999999999999996,0.5700000000000003
15,6,50,8,16,36,9.6,5,5.1,8.49,True,0.09999999999999964,0.4900000000000002
15,7,50,8,16,36,9.6,5,5.25,8.45,True,0.25,0.4499999999999993
15,8,50,8,16,36,9.6,5,5.54,8.54,True,0.54,0.5399999999999991
15,9,50,8,16,36,9.6,5,5.61,8.37,True,0.6100000000000003,0.3699999999999992
15,10,50,8,16,36,9.6,5,5.29,8.71,True,0.29000000000000004,0.7100000000000009
15,11,50,8,16,36,9.6,5,5.41,8.95,True,0.41000000000000014,0.9499999999999993
15,12,50,8,16,36,9.6,5,5.41,8.68,True,0.41000000000000014,0.6799999999999997
16,1,50,8,16,40,10.0,5,5.6,8.04,True,0.5999999999999996,0.03999999999999915
16,2,50,8,16,40,10.0,5,5.24,8.44,True,0.2400000000000002,0.4399999999999995
16,3,50,8,16,40,10.0,5,4.97,8.25,True,-0.03000000000000025,0.25
16,4,50,8,16,40,10.0,5,4.88,8.48,True,-0.1200000000000001,0.4800000000000004
16,5,50,8,16,40,10.0,5,4.8,8.57,True,-0.20000000000000018,0.5700000000000003
16,6,50,8,16,40,10.0,5,4.93,8.45,True,-0.07000000000000028,0.4499999999999993
16,7,50,8,16,40,10.0,5,4.81,8.58,True,-0.1900000000000004,0.5800000000000001
16,8,50,8,16,40,10.0,5,4.84,8.25,True,-0.16000000000000014,0.25
16,9,50,8,16,40,10.0,5,4.84,8.49,True,-0.16000000000000014,0.4900000000000002
16,10,50,8,16,40,10.0,5,4.93,8.3,True,-0.07000000000000028,0.3000000000000007
16,11,50,8,16,40,10.0,5,4.74,8.32,True,-0.2599999999999998,0.3200000000000003
16,12,50,8,16,40,10.0,5,4.86,8.15,True,-0.13999999999999968,0.15000000000000036
17,1,50,8,16,44,10.4,5,4.89,8.89,True,-0.11000000000000032,0.8900000000000006
17,2,50,8,16,44,10.4,5,4.76,8.53,True,-0.2400000000000002,0.5299999999999994
17,3,50,8,16,44,10.4,5,4.66,8.51,True,-0.33999999999999986,0.5099999999999998
17,4,50,8,16,44,10.4,5,4.97,8.42,True,-0.03000000000000025,0.41999999999999993
17,5,50,8,16,44,10.4,5,4.97,8.81,True,-0.03000000000000025,0.8100000000000005
17,6,50,8,16,44,10.4,5,4.87,8.62,True,-0.1299999999999999,0.6199999999999992
17,7,50,8,16,44,10.4,5,4.77,8.54,True,-0.23000000000000043,0.5399999999999991
17,8,50,8,16,44,10.4,5,4.91,8.57,True,-0.08999999999999986,0.5700000000000003
17,9,50,8,16,44,10.4,5,4.99,8.65,True,-0.009999999999999787,0.6500000000000004
17,10,50,8,16,44,10.4,5,5.02,8.85,True,0.019999999999999574,0.8499999999999996
17,11,50,8,16,44,10.4,5,5.12,8.88,True,0.1200000000000001,0.8800000000000008
17,12,50,8,16,44,10.4,5,5.29,8.67,True,0.29000000000000004,0.6699999999999999
18,1,50,8,16,48,10.8,5,4.96,8.44,True,-0.040000000000000036,0.4399999999999995
18,2,50,8,16,48,10.8,5,4.96,8.9,True,-0.040000000000000036,0.9000000000000004
18,3,50,8,16,48,10.8,5,5.29,8.32,True,0.29000000000000004,0.3200000000000003
18,4,50,8,16,48,10.8,5,5.15,8.45,True,0.15000000000000036,0.4499999999999993
18,5,50,8,16,48,10.8,5,5.32,8.47,True,0.3200000000000003,0.47000000000000064
18,6,50,8,16,48,10.8,5,5.03,8.53,True,0.03000000000000025,0.5299999999999994
18,7,50,8,16,48,10.8,5,5.02,8.73,True,0.019999999999999574,0.7300000000000004
18,8,50,8,16,48,10.8,5,4.97,8.58,True,-0.03000000000000025,0.5800000000000001
18,9,50,8,16,48,10.8,5,5.0,8.84,True,0.0,0.8399999999999999
18,10,50,8,16,48,10.8,5,5.18,8.58,True,0.17999999999999972,0.5800000000000001
18,11,50,8,16,48,10.8,5,5.06,8.89,True,0.05999999999999961,0.8900000000000006
18,12,50,8,16,48,10.8,5,5.16,9.02,True,0.16000000000000014,1.0199999999999996
19,1,50,8,16,52,11.2,5,4.5,9.57,True,-0.5,1.5700000000000003
19,2,50,8,16,52,11.2,5,4.91,10.14,True,-0.08999999999999986,2.1400000000000006
19,3,50,8,16,52,11.2,5,5.04,9.68,True,0.040000000000000036,1.6799999999999997
19,4,50,8,16,52,11.2,5,5.31,9.99,True,0.3099999999999996,1.9900000000000002
19,5,50,8,16,52,11.2,5,5.11,9.94,True,0.11000000000000032,1.9399999999999995
19,6,50,8,16,52,11.2,5,5.45,9.88,True,0.4500000000000002,1.8800000000000008
19,7,50,8,16,52,11.2,5,5.19,9.55,True,0.1900000000000004,1.5500000000000007
19,8,50,8,16,52,11.2,5,5.76,9.31,True,0.7599999999999998,1.3100000000000005
19,9,50,8,16,52,11.2,5,5.23,9.28,True,0.23000000000000043,1.2799999999999994
19,10,50,8,16,52,11.2,5,4.94,9.32,True,-0.05999999999999961,1.3200000000000003
19,11,50,8,16,52,11.2,5,4.88,9.23,True,-0.1200000000000001,1.2300000000000004
19,12,50,8,16,52,11.2,5,4.9,9.25,True,-0.09999999999999964,1.25
20,1,50,8,16,56,11.6,5,5.2,8.62,True,0.20000000000000018,0.6199999999999992
20,2,50,8,16,56,11.6,5,4.87,8.66,True,-0.1299999999999999,0.6600000000000001
20,3,50,8,16,56,11.6,5,5.06,8.61,True,0.05999999999999961,0.6099999999999994
20,4,50,8,16,56,11.6,5,4.82,8.71,True,-0.17999999999999972,0.7100000000000009
20,5,50,8,16,56,11.6,5,4.7,8.46,True,-0.2999999999999998,0.46000000000000085
20,6,50,8,16,56,11.6,5,4.65,8.7,True,-0.34999999999999964,0.6999999999999993
20,7,50,8,16,56,11.6,5,4.61,8.74,True,-0.3899999999999997,0.7400000000000002
20,8,50,8,16,56,11.6,5,4.67,8.59,True,-0.33000000000000007,0.5899999999999999
20,9,50,8,16,56,11.6,5,4.68,8.94,True,-0.3200000000000003,0.9399999999999995
20,10,50,8,16,56,11.6,5,4.74,9.1,True,-0.2599999999999998,1.0999999999999996
20,11,50,8,16,56,11.6,5,4.84,9.07,True,-0.16000000000000014,1.0700000000000003
20,12,50,8,16,56,11.6,5,4.82,9.02,True,-0.17999999999999972,1.0199999999999996
21,1,50,8,16,60,12.0,5,5.6,9.53,True,0.5999999999999996,1.5299999999999994
21,2,50,8,16,60,12.0,5,5.7,9.62,True,0.7000000000000002,1.6199999999999992
21,3,50,8,16,60,12.0,5,5.07,9.58,True,0.07000000000000028,1.58
21,4,50,8,16,60,12.0,5,5.19,9.9,True,0.1900000000000004,1.9000000000000004
21,5,50,8,16,60,12.0,5,5.13,9.7,True,0.1299999999999999,1.6999999999999993
21,6,50,8,16,60,12.0,5,5.24,9.87,True,0.2400000000000002,1.8699999999999992
21,7,50,8,16,60,12.0,5,5.36,9.88,True,0.3600000000000003,1.8800000000000008
21,8,50,8,16,60,12.0,5,5.64,9.9,True,0.6399999999999997,1.9000000000000004
21,9,50,8,16,60,12.0,5,5.49,9.84,True,0.4900000000000002,1.8399999999999999
21,10,50,8,16,60,12.0,5,5.76,9.83,True,0.7599999999999998,1.83
21,11,50,8,16,60,12.0,5,5.85,9.9,True,0.8499999999999996,1.9000000000000004
21,12,50,8,16,60,12.0,5,5.82,9.93,True,0.8200000000000003,1.9299999999999997
22,1,50,8,20,48,10.8,5,5.96,9.5,True,0.96,1.5
22,2,50,8,20,48,10.8,5,5.68,10.6,True,0.6799999999999997,2.5999999999999996
22,3,50,8,20,48,10.8,5,5.62,8.78,True,0.6200000000000001,0.7799999999999994
22,4,50,8,20,48,10.8,5,5.82,10.52,True,0.8200000000000003,2.5199999999999996
22,5,50,8,20,48,10.8,5,5.99,9.64,True,0.9900000000000002,1.6400000000000006
22,6,50,8,20,48,10.8,5,6.43,9.17,True,1.4299999999999997,1.17
22,7,50,8,20,48,10.8,5,5.48,9.55,True,0.4800000000000004,1.5500000000000007
22,8,50,8,20,48,10.8,5,5.32,9.38,True,0.3200000000000003,1.3800000000000008
22,9,50,8,20,48,10.8,5,5.54,9.62,True,0.54,1.6199999999999992
22,10,50,8,20,48,10.8,5,5.83,8.32,True,0.8300000000000001,0.3200000000000003
22,11,50,8,20,48,10.8,5,5.25,8.06,True,0.25,0.0600000000000005
22,12,50,8,20,48,10.8,5,5.54,7.63,True,0.54,-0.3700000000000001
23,1,50,8,20,52,11.2,5,6.34,9.87,True,1.3399999999999999,1.8699999999999992
23,2,50,8,20,52,11.2,5,5.95,9.39,True,0.9500000000000002,1.3900000000000006
23,3,50,8,20,52,11.2,5,5.92,8.99,True,0.9199999999999999,0.9900000000000002
23,4,50,8,20,52,11.2,5,6.15,9.02,True,1.1500000000000004,1.0199999999999996
23,5,50,8,20,52,11.2,5,6.26,9.52,True,1.2599999999999998,1.5199999999999996
23,6,50,8,20,52,11.2,5,5.33,9.33,True,0.33000000000000007,1.33
23,7,50,8,20,52,11.2,5,5.91,9.18,True,0.9100000000000001,1.1799999999999997
23,8,50,8,20,52,11.2,5,5.42,7.81,True,0.41999999999999993,-0.1900000000000004
23,9,50,8,20,52,11.2,5,5.94,8.44,True,0.9400000000000004,0.4399999999999995
23,10,50,8,20,52,11.2,5,6.1,8.75,True,1.0999999999999996,0.75
23,11,50,8,20,52,11.2,5,5.65,8.95,True,0.6500000000000004,0.9499999999999993
23,12,50,8,20,52,11.2,5,5.43,8.75,True,0.4299999999999997,0.75
24,1,50,8,20,56,11.6,5,5.67,8.73,True,0.6699999999999999,0.7300000000000004
24,2,50,8,20,56,11.6,5,5.28,10.16,True,0.28000000000000025,2.16
24,3,50,8,20,56,11.6,5,5.7,10.66,True,0.7000000000000002,2.66
24,4,50,8,20,56,11.6,5,6.55,9.07,True,1.5499999999999998,1.0700000000000003
24,5,50,8,20,56,11.6,5,5.18,8.11,True,0.17999999999999972,0.10999999999999943
24,6,50,8,20,56,11.6,5,5.71,8.02,True,0.71,0.019999999999999574
24,7,50,8,20,56,11.6,5,5.97,7.94,True,0.9699999999999998,-0.05999999999999961
24,8,50,8,20,56,11.6,5,5.56,8.73,True,0.5599999999999996,0.7300000000000004
24,9,50,8,20,56,11.6,5,6.46,9.41,True,1.46,1.4100000000000001
24,10,50,8,20,56,11.6,5,6.24,10.05,True,1.2400000000000002,2.0500000000000007
24,11,50,8,20,56,11.6,5,5.5,9.57,True,0.5,1.5700000000000003
24,12,50,8,20,56,11.6,5,5.98,10.21,True,0.9800000000000004,2.210000000000001
25,1,50,8,20,60,12.0,5,5.49,9.98,True,0.4900000000000002,1.9800000000000004
25,2,50,8,20,60,12.0,5,5.54,9.65,True,0.54,1.6500000000000004
25,3,50,8,20,60,12.0,5,5.58,9.35,True,0.5800000000000001,1.3499999999999996
25,4,50,8,20,60,12.0,5,5.95,9.04,True,0.9500000000000002,1.0399999999999991
25,5,50,8,20,60,12.0,5,5.24,9.65,True,0.2400000000000002,1.6500000000000004
25,6,50,8,20,60,12.0,5,5.37,10.02,True,0.3700000000000001,2.0199999999999996
25,7,50,8,20,60,12.0,5,5.32,10.13,True,0.3200000000000003,2.130000000000001
25,8,50,8,20,60,12.0,5,5.18,9.43,True,0.17999999999999972,1.4299999999999997
25,9,50,8,20,60,12.0,5,5.71,9.97,True,0.71,1.9700000000000006
25,10,50,8,20,60,12.0,5,5.17,9.42,True,0.16999999999999993,1.42
25,11,50,8,20,60,12.0,5,5.8,9.51,True,0.7999999999999998,1.5099999999999998
25,12,50,8,20,60,12.0,5,5.66,9.47,True,0.6600000000000001,1.4700000000000006
26,1,50,8,20,64,12.4,5,5.22,9.26,True,0.21999999999999975,1.2599999999999998
26,2,50,8,20,64,12.4,5,5.07,9.65,True,0.07000000000000028,1.6500000000000004
26,3,50,8,20,64,12.4,5,5.12,9.9,True,0.1200000000000001,1.9000000000000004
26,4,50,8,20,64,12.4,5,5.74,9.93,True,0.7400000000000002,1.9299999999999997
26,5,50,8,20,64,12.4,5,5.61,9.99,True,0.6100000000000003,1.9900000000000002
26,6,50,8,20,64,12.4,5,5.26,9.88,True,0.2599999999999998,1.8800000000000008
26,7,50,8,20,64,12.4,5,5.24,9.72,True,0.2400000000000002,1.7200000000000006
26,8,50,8,20,64,12.4,5,5.43,9.55,True,0.4299999999999997,1.5500000000000007
26,9,50,8,20,64,12.4,5,5.61,9.8,True,0.6100000000000003,1.8000000000000007
26,10,50,8,20,64,12.4,5,5.05,9.41,True,0.04999999999999982,1.4100000000000001
26,11,50,8,20,64,12.4,5,5.67,9.53,True,0.6699999999999999,1.5299999999999994
26,12,50,8,20,64,12.4,5,5.95,9.89,True,0.9500000000000002,1.8900000000000006
27,1,50,8,20,68,12.8,5,6.3,9.77,True,1.2999999999999998,1.7699999999999996
27,2,50,8,20,68,12.8,5,6.36,9.91,True,1.3600000000000003,1.9100000000000001
27,3,50,8,20,68,12.8,5,6.82,9.88,True,1.8200000000000003,1.8800000000000008
27,4,50,8,20,68,12.8,5,5.68,9.62,True,0.6799999999999997,1.6199999999999992
27,5,50,8,20,68,12.8,5,6.33,9.31,True,1.33,1.3100000000000005
27,6,50,8,20,68,12.8,5,6.02,8.66,True,1.0199999999999996,0.6600000000000001
27,7,50,8,20,68,12.8,5,6.18,10.08,True,1.1799999999999997,2.08
27,8,50,8,20,68,12.8,5,6.06,10.44,True,1.0599999999999996,2.4399999999999995
27,9,50,8,20,68,12.8,5,6.11,9.85,True,1.1100000000000003,1.8499999999999996
27,10,50,8,20,68,12.8,5,5.89,10.07,True,0.8899999999999997,2.0700000000000003
27,11,50,8,20,68,12.8,5,6.05,9.71,True,1.0499999999999998,1.7100000000000009
27,12,50,8,20,68,12.8,5,6.46,9.88,True,1.46,1.8800000000000008
28,1,50,8,20,72,13.2,5,5.62,9.09,True,0.6200000000000001,1.0899999999999999
28,2,50,8,20,72,13.2,5,5.36,10.22,True,0.3600000000000003,2.2200000000000006
28,3,50,8,20,72,13.2,5,5.33,10.36,True,0.33000000000000007,2.3599999999999994
28,4,50,8,20,72,13.2,5,5.35,10.51,True,0.34999999999999964,2.51
28,5,50,8,20,72,13.2,5,5.32,10.38,True,0.3200000000000003,2.380000000000001
28,6,50,8,20,72,13.2,5,5.17,10.57,True,0.16999999999999993,2.5700000000000003
28,7,50,8,20,72,13.2,5,5.69,10.55,True,0.6900000000000004,2.5500000000000007
28,8,50,8,20,72,13.2,5,5.7,10.66,True,0.7000000000000002,2.66
28,9,50,8,20,72,13.2,5,5.59,9.79,True,0.5899999999999999,1.7899999999999991
28,10,50,8,20,72,13.2,5,5.71,10.5,True,0.71,2.5
28,11,50,8,20,72,13.2,5,5.69,9.93,True,0.6900000000000004,1.9299999999999997
28,12,50,8,20,72,13.2,5,5.66,9.9,True,0.6600000000000001,1.9000000000000004
29,1,50,8,24,60,12.0,5,5.8,8.03,True,0.7999999999999998,0.02999999999999936
29,2,50,8,24,60,12.0,5,5.88,8.31,True,0.8799999999999999,0.3100000000000005
29,3,50,8,24,60,12.0,5,5.72,8.64,True,0.7199999999999998,0.6400000000000006
29,4,50,8,24,60,12.0,5,5.55,8.44,True,0.5499999999999998,0.4399999999999995
29,5,50,8,24,60,12.0,5,5.79,8.62,True,0.79,0.6199999999999992
29,6,50,8,24,60,12.0,5,5.64,8.14,True,0.6399999999999997,0.14000000000000057
29,7,50,8,24,60,12.0,5,5.68,8.72,True,0.6799999999999997,0.7200000000000006
29,8,50,8,24,60,12.0,5,5.25,8.57,True,0.25,0.5700000000000003
29,9,50,8,24,60,12.0,5,5.22,8.65,True,0.21999999999999975,0.6500000000000004
29,10,50,8,24,60,12.0,5,5.54,8.2,True,0.54,0.1999999999999993
29,11,50,8,24,60,12.0,5,5.76,8.96,True,0.7599999999999998,0.9600000000000009
29,12,50,8,24,60,12.0,5,5.51,8.89,True,0.5099999999999998,0.8900000000000006
30,1,50,8,24,64,12.4,5,5.08,8.95,True,0.08000000000000007,0.9499999999999993
30,2,50,8,24,64,12.4,5,4.54,10.44,True,-0.45999999999999996,2.4399999999999995
30,3,50,8,24,64,12.4,5,4.46,10.17,True,-0.54,2.17
30,4,50,8,24,64,12.4,5,4.51,10.23,True,-0.4900000000000002,2.2300000000000004
30,5,50,8,24,64,12.4,5,5.08,9.96,True,0.08000000000000007,1.9600000000000009
30,6,50,8,24,64,12.4,5,5.35,9.74,True,0.34999999999999964,1.7400000000000002
30,7,50,8,24,64,12.4,5,4.93,9.2,True,-0.07000000000000028,1.1999999999999993
30,8,50,8,24,64,12.4,5,5.01,8.99,True,0.009999999999999787,0.9900000000000002
30,9,50,8,24,64,12.4,5,5.04,8.95,True,0.040000000000000036,0.9499999999999993
30,10,50,8,24,64,12.4,5,5.09,8.64,True,0.08999999999999986,0.6400000000000006
30,11,50,8,24,64,12.4,5,5.08,8.52,True,0.08000000000000007,0.5199999999999996
30,12,50,8,24,64,12.4,5,4.91,8.83,True,-0.08999999999999986,0.8300000000000001
31,1,50,8,24,68,12.8,5,5.31,9.37,True,0.3099999999999996,1.3699999999999992
31,2,50,8,24,68,12.8,5,5.47,7.36,True,0.46999999999999975,-0.6399999999999997
31,3,50,8,24,68,12.8,5,5.18,9.68,True,0.17999999999999972,1.6799999999999997
31,4,50,8,24,68,12.8,5,5.24,9.14,True,0.2400000000000002,1.1400000000000006
31,5,50,8,24,68,12.8,5,5.42,9.08,True,0.41999999999999993,1.08
31,6,50,8,24,68,12.8,5,5.51,9.84,True,0.5099999999999998,1.8399999999999999
31,7,50,8,24,68,12.8,5,5.19,9.21,True,0.1900000000000004,1.2100000000000009
31,8,50,8,24,68,12.8,5,5.83,9.84,True,0.8300000000000001,1.8399999999999999
31,9,50,8,24,68,12.8,5,5.44,9.81,True,0.4400000000000004,1.8100000000000005
31,10,50,8,24,68,12.8,5,5.37,8.79,True,0.3700000000000001,0.7899999999999991
31,11,50,8,24,68,12.8,5,5.57,9.65,True,0.5700000000000003,1.6500000000000004
31,12,50,8,24,68,12.8,5,5.42,9.52,True,0.41999999999999993,1.5199999999999996
32,1,50,8,24,72,13.2,5,5.35,7.96,True,0.34999999999999964,-0.040000000000000036
32,2,50,8,24,72,13.2,5,5.03,8.49,True,0.03000000000000025,0.4900000000000002
32,3,50,8,24,72,13.2,5,4.53,7.91,True,-0.46999999999999975,-0.08999999999999986
32,4,50,8,24,72,13.2,5,5.37,7.92,True,0.3700000000000001,-0.08000000000000007
32,5,50,8,24,72,13.2,5,5.35,9.01,True,0.34999999999999964,1.0099999999999998
32,6,50,8,24,72,13.2,5,5.33,8.91,True,0.33000000000000007,0.9100000000000001
32,7,50,8,24,72,13.2,5,5.46,9.51,True,0.45999999999999996,1.5099999999999998
32,8,50,8,24,72,13.2,5,5.44,9.18,True,0.4400000000000004,1.1799999999999997
32,9,50,8,24,72,13.2,5,5.45,9.31,True,0.4500000000000002,1.3100000000000005
32,10,50,8,24,72,13.2,5,5.49,9.02,True,0.4900000000000002,1.0199999999999996
32,11,50,8,24,72,13.2,5,5.51,8.42,True,0.5099999999999998,0.41999999999999993
32,12,50,8,24,72,13.2,5,5.38,7.7,True,0.3799999999999999,-0.2999999999999998
33,1,50,8,24,76,13.6,5,5.56,8.26,True,0.5599999999999996,0.2599999999999998
33,2,50,8,24,76,13.6,5,5.52,8.44,True,0.5199999999999996,0.4399999999999995
33,3,50,8,24,76,13.6,5,5.34,8.24,True,0.33999999999999986,0.2400000000000002
33,4,50,8,24,76,13.6,5,5.4,9.12,True,0.40000000000000036,1.1199999999999992
33,5,50,8,24,76,13.6,5,5.41,8.54,True,0.41000000000000014,0.5399999999999991
33,6,50,8,24,76,13.6,5,5.43,8.28,True,0.4299999999999997,0.27999999999999936
33,7,50,8,24,76,13.6,5,5.43,8.52,True,0.4299999999999997,0.5199999999999996
33,8,50,8,24,76,13.6,5,5.56,8.48,True,0.5599999999999996,0.4800000000000004
33,9,50,8,24,76,13.6,5,5.55,8.83,True,0.5499999999999998,0.8300000000000001
33,10,50,8,24,76,13.6,5,5.04,9.01,True,0.040000000000000036,1.0099999999999998
33,11,50,8,24,76,13.6,5,5.0,9.03,True,0.0,1.0299999999999994
33,12,50,8,24,76,13.6,5,4.95,8.53,True,-0.04999999999999982,0.5299999999999994
34,1,50,8,24,80,14.0,5,4.76,8.35,True,-0.2400000000000002,0.34999999999999964
34,2,50,8,24,80,14.0,5,4.73,8.96,True,-0.2699999999999996,0.9600000000000009
34,3,50,8,24,80,14.0,5,5.08,8.84,True,0.08000000000000007,0.8399999999999999
34,4,50,8,24,80,14.0,5,5.01,9.37,True,0.009999999999999787,1.3699999999999992
34,5,50,8,24,80,14.0,5,5.16,9.33,True,0.16000000000000014,1.33
34,6,50,8,24,80,14.0,5,5.05,9.2,True,0.04999999999999982,1.1999999999999993
34,7,50,8,24,80,14.0,5,5.04,8.07,True,0.040000000000000036,0.07000000000000028
34,8,50,8,24,80,14.0,5,5.19,7.95,True,0.1900000000000004,-0.04999999999999982
34,9,50,8,24,80,14.0,5,5.2,8.71,True,0.20000000000000018,0.7100000000000009
34,10,50,8,24,80,14.0,5,5.2,8.92,True,0.20000000000000018,0.9199999999999999
34,11,50,8,24,80,14.0,5,5.17,8.61,True,0.16999999999999993,0.6099999999999994
34,12,50,8,24,80,14.0,5,5.14,7.95,True,0.13999999999999968,-0.04999999999999982
35,1,50,8,24,84,14.4,5,5.13,7.29,True,0.1299999999999999,-0.71
35,2,50,8,24,84,14.4,5,5.35,8.93,True,0.34999999999999964,0.9299999999999997
35,3,50,8,24,84,14.4,5,5.37,8.07,True,0.3700000000000001,0.07000000000000028
35,4,50,8,24,84,14.4,5,5.29,8.54,True,0.29000000000000004,0.5399999999999991
35,5,50,8,24,84,14.4,5,5.3,9.1,True,0.2999999999999998,1.0999999999999996
35,6,50,8,24,84,14.4,5,5.3,9.11,True,0.2999999999999998,1.1099999999999994
35,7,50,8,24,84,14.4,5,5.3,8.74,True,0.2999999999999998,0.7400000000000002
35,8,50,8,24,84,14.4,5,5.22,8.9,True,0.21999999999999975,0.9000000000000004
35,9,50,8,24,84,14.4,5,5.2,9.51,True,0.20000000000000018,1.5099999999999998
35,10,50,8,24,84,14.4,5,4.99,8.69,True,-0.009999999999999787,0.6899999999999995
35,11,50,8,24,84,14.4,5,4.89,8.88,True,-0.11000000000000032,0.8800000000000008
35,12,50,8,24,84,14.4,5,5.03,8.27,True,0.03000000000000025,0.2699999999999996
43,1,50,8,8,11,7.1,5,5.84,10.78,True,0.8399999999999999,2.7799999999999994
43,2,50,8,8,11,7.1,5,5.85,10.8,True,0.8499999999999996,2.8000000000000007
43,3,50,8,8,11,7.1,5,5.8,10.88,True,0.7999999999999998,2.880000000000001
43,4,50,8,8,11,7.1,5,5.85,10.86,True,0.8499999999999996,2.8599999999999994
43,5,50,8,8,11,7.1,5,5.81,10.89,True,0.8099999999999996,2.8900000000000006
43,6,50,8,8,11,7.1,5,5.86,10.96,True,0.8600000000000003,2.960000000000001
43,7,50,8,8,11,7.1,5,5.84,10.68,True,0.8399999999999999,2.6799999999999997
43,8,50,8,8,11,7.1,5,5.84,10.91,True,0.8399999999999999,2.91
43,9,50,8,8,11,7.1,5,5.85,10.98,True,0.8499999999999996,2.9800000000000004
43,10,50,8,8,11,7.1,5,5.9,10.8,True,0.9000000000000004,2.8000000000000007
43,11,50,8,8,11,7.1,5,5.88,10.79,True,0.8799999999999999,2.789999999999999
43,12,50,8,8,11,7.1,5,5.85,10.66,True,0.8499999999999996,2.66
44,1,50,8,9,15,7.5,5,5.52,10.46,True,0.5199999999999996,2.460000000000001
44,2,50,8,9,15,7.5,5,5.55,10.5,True,0.5499999999999998,2.5
44,3,50,8,9,15,7.5,5,5.51,10.49,True,0.5099999999999998,2.49
44,4,50,8,9,15,7.5,5,5.54,10.37,True,0.54,2.369999999999999
44,5,50,8,9,15,7.5,5,5.54,10.43,True,0.54,2.4299999999999997
44,6,50,8,9,15,7.5,5,5.54,10.59,True,0.54,2.59
44,7,50,8,9,15,7.5,5,5.53,10.48,True,0.5300000000000002,2.4800000000000004
44,8,50,8,9,15,7.5,5,5.51,10.49,True,0.5099999999999998,2.49
44,9,50,8,9,15,7.5,5,5.51,10.5,True,0.5099999999999998,2.5
44,10,50,8,9,15,7.5,5,5.53,10.57,True,0.5300000000000002,2.5700000000000003
44,11,50,8,9,15,7.5,5,5.54,10.49,True,0.54,2.49
44,12,50,8,9,15,7.5,5,5.55,10.52,True,0.5499999999999998,2.5199999999999996
45,1,50,8,10,19,7.9,5,5.45,10.05,True,0.4500000000000002,2.0500000000000007
45,2,50,8,10,19,7.9,5,5.45,10.34,True,0.4500000000000002,2.34
45,3,50,8,10,19,7.9,5,5.43,10.15,True,0.4299999999999997,2.1500000000000004
45,4,50,8,10,19,7.9,5,5.46,10.19,True,0.45999999999999996,2.1899999999999995
45,5,50,8,10,19,7.9,5,5.49,10.32,True,0.4900000000000002,2.3200000000000003
45,6,50,8,10,19,7.9,5,5.51,10.27,True,0.5099999999999998,2.2699999999999996
45,7,50,8,10,19,7.9,5,5.51,10.28,True,0.5099999999999998,2.2799999999999994
45,8,50,8,10,19,7.9,5,5.51,10.3,True,0.5099999999999998,2.3000000000000007
45,9,50,8,10,19,7.9,5,5.51,10.25,True,0.5099999999999998,2.25
45,10,50,8,10,19,7.9,5,5.49,10.33,True,0.4900000000000002,2.33
45,11,50,8,10,19,7.9,5,5.69,10.35,True,0.6900000000000004,2.3499999999999996
45,12,50,8,10,19,7.9,5,5.68,10.36,True,0.6799999999999997,2.3599999999999994
46,1,50,8,11,23,8.3,5,5.39,9.51,True,0.3899999999999997,1.5099999999999998
46,2,50,8,11,23,8.3,5,5.39,9.56,True,0.3899999999999997,1.5600000000000005
46,3,50,8,11,23,8.3,5,5.39,9.54,True,0.3899999999999997,1.5399999999999991
46,4,50,8,11,23,8.3,5,5.39,9.37,True,0.3899999999999997,1.3699999999999992
46,5,50,8,11,23,8.3,5,5.51,9.33,True,0.5099999999999998,1.33
46,6,50,8,11,23,8.3,5,5.48,9.42,True,0.4800000000000004,1.42
46,7,50,8,11,23,8.3,5,5.4,9.41,True,0.40000000000000036,1.4100000000000001
46,8,50,8,11,23,8.3,5,5.41,9.42,True,0.41000000000000014,1.42
46,9,50,8,11,23,8.3,5,5.41,9.37,True,0.41000000000000014,1.3699999999999992
46,10,50,8,11,23,8.3,5,5.4,9.3,True,0.40000000000000036,1.3000000000000007
46,11,50,8,11,23,8.3,5,5.41,9.32,True,0.41000000000000014,1.3200000000000003
46,12,50,8,11,23,8.3,5,5.41,9.29,True,0.41000000000000014,1.2899999999999991
47,1,50,8,12,27,8.7,5,5.4,9.83,True,0.40000000000000036,1.83
47,2,50,8,12,27,8.7,5,5.42,9.88,True,0.41999999999999993,1.8800000000000008
47,3,50,8,12,27,8.7,5,5.47,9.87,True,0.46999999999999975,1.8699999999999992
47,4,50,8,12,27,8.7,5,5.47,9.78,True,0.46999999999999975,1.7799999999999994
47,5,50,8,12,27,8.7,5,5.37,9.69,True,0.3700000000000001,1.6899999999999995
47,6,50,8,12,27,8.7,5,5.43,9.76,True,0.4299999999999997,1.7599999999999998
47,7,50,8,12,27,8.7,5,5.43,9.87,True,0.4299999999999997,1.8699999999999992
47,8,50,8,12,27,8.7,5,5.43,9.68,True,0.4299999999999997,1.6799999999999997
47,9,50,8,12,27,8.7,5,5.43,9.56,True,0.4299999999999997,1.5600000000000005
47,10,50,8,12,27,8.7,5,5.54,9.42,True,0.54,1.42
47,11,50,8,12,27,8.7,5,5.56,9.29,True,0.5599999999999996,1.2899999999999991
47,12,50,8,12,27,8.7,5,5.56,9.2,True,0.5599999999999996,1.1999999999999993
48,1,50,8,13,31,9.1,5,5.22,8.89,True,0.21999999999999975,0.8900000000000006
48,2,50,8,13,31,9.1,5,5.28,8.8,True,0.28000000000000025,0.8000000000000007
48,3,50,8,13,31,9.1,5,5.28,8.84,True,0.28000000000000025,0.8399999999999999
48,4,50,8,13,31,9.1,5,5.31,8.74,True,0.3099999999999996,0.7400000000000002
48,5,50,8,13,31,9.1,5,5.3,8.9,True,0.2999999999999998,0.9000000000000004
48,6,50,8,13,31,9.1,5,5.3,8.89,True,0.2999999999999998,0.8900000000000006
48,7,50,8,13,31,9.1,5,5.32,9.0,True,0.3200000000000003,1.0
48,8,50,8,13,31,9.1,5,5.31,8.91,True,0.3099999999999996,0.9100000000000001
48,9,50,8,13,31,9.1,5,5.3,8.96,True,0.2999999999999998,0.9600000000000009
48,10,50,8,13,31,9.1,5,5.31,8.97,True,0.3099999999999996,0.9700000000000006
48,11,50,8,13,31,9.1,5,5.33,8.96,True,0.33000000000000007,0.9600000000000009
48,12,50,8,13,31,9.1,5,5.32,8.96,True,0.3200000000000003,0.9600000000000009
49,1,50,8,14,34,9.4,5,5.03,8.63,True,0.03000000000000025,0.6300000000000008
49,2,50,8,14,34,9.4,5,5.05,8.69,True,0.04999999999999982,0.6899999999999995
49,3,50,8,14,34,9.4,5,5.05,8.68,True,0.04999999999999982,0.6799999999999997
49,4,50,8,14,34,9.4,5,5.02,8.7,True,0.019999999999999574,0.6999999999999993
49,5,50,8,14,34,9.4,5,5.06,8.68,True,0.05999999999999961,0.6799999999999997
49,6,50,8,14,34,9.4,5,5.07,8.52,True,0.07000000000000028,0.5199999999999996
49,7,50,8,14,34,9.4,5,5.03,8.52,True,0.03000000000000025,0.5199999999999996
49,8,50,8,14,34,9.4,5,5.03,8.45,True,0.03000000000000025,0.4499999999999993
49,9,50,8,14,34,9.4,5,5.02,8.44,True,0.019999999999999574,0.4399999999999995
49,10,50,8,14,34,9.4,5,5.01,8.34,True,0.009999999999999787,0.33999999999999986
49,11,50,8,14,34,9.4,5,5.03,8.36,True,0.03000000000000025,0.35999999999999943
49,12,50,8,14,34,9.4,5,5.03,8.4,True,0.03000000000000025,0.40000000000000036
50,1,50,8,15,38,9.8,5,5.31,8.14,True,0.3099999999999996,0.14000000000000057
50,2,50,8,15,38,9.8,5,5.3,8.12,True,0.2999999999999998,0.11999999999999922
50,3,50,8,15,38,9.8,5,5.3,8.12,True,0.2999999999999998,0.11999999999999922
50,4,50,8,15,38,9.8,5,5.35,8.15,True,0.34999999999999964,0.15000000000000036
50,5,50,8,15,38,9.8,5,5.36,8.14,True,0.3600000000000003,0.14000000000000057
50,6,50,8,15,38,9.8,5,5.35,8.15,True,0.34999999999999964,0.15000000000000036
50,7,50,8,15,38,9.8,5,5.37,8.15,True,0.3700000000000001,0.15000000000000036
50,8,50,8,15,38,9.8,5,5.35,8.13,True,0.34999999999999964,0.13000000000000078
50,9,50,8,15,38,9.8,5,5.35,8.12,True,0.34999999999999964,0.11999999999999922
50,10,50,8,15,38,9.8,5,5.39,8.16,True,0.3899999999999997,0.16000000000000014
50,11,50,8,15,38,9.8,5,5.39,8.16,True,0.3899999999999997,0.16000000000000014
50,12,50,8,15,38,9.8,5,5.38,8.16,True,0.3799999999999999,0.16000000000000014
51,1,50,8,16,41,10.1,5,4.99,8.74,True,-0.009999999999999787,0.7400000000000002
51,2,50,8,16,41,10.1,5,5.08,8.92,True,0.08000000000000007,0.9199999999999999
51,3,50,8,16,41,10.1,5,5.08,8.89,True,0.08000000000000007,0.8900000000000006
51,4,50,8,16,41,10.1,5,5.07,8.93,True,0.07000000000000028,0.9299999999999997
51,5,50,8,16,41,10.1,5,5.08,8.92,True,0.08000000000000007,0.9199999999999999
51,6,50,8,16,41,10.1,5,5.02,8.92,True,0.019999999999999574,0.9199999999999999
51,7,50,8,16,41,10.1,5,5.03,8.9,True,0.03000000000000025,0.9000000000000004
51,8,50,8,16,41,10.1,5,5.01,8.69,True,0.009999999999999787,0.6899999999999995
51,9,50,8,16,41,10.1,5,4.98,8.77,True,-0.019999999999999574,0.7699999999999996
51,10,50,8,16,41,10.1,5,4.97,8.76,True,-0.03000000000000025,0.7599999999999998
51,11,50,8,16,41,10.1,5,4.94,8.72,True,-0.05999999999999961,0.7200000000000006
51,12,50,8,16,41,10.1,5,4.93,8.72,True,-0.07000000000000028,0.7200000000000006
52,1,50,8,17,44,10.4,5,4.95,8.23,True,-0.04999999999999982,0.23000000000000043
52,2,50,8,17,44,10.4,5,4.95,7.91,True,-0.04999999999999982,-0.08999999999999986
52,3,50,8,17,44,10.4,5,4.99,7.92,True,-0.009999999999999787,-0.08000000000000007
52,4,50,8,17,44,10.4,5,4.96,7.91,True,-0.040000000000000036,-0.08999999999999986
52,5,50,8,17,44,10.4,5,4.98,7.96,True,-0.019999999999999574,-0.040000000000000036
52,6,50,8,17,44,10.4,5,4.95,8.11,True,-0.04999999999999982,0.10999999999999943
52,7,50,8,17,44,10.4,5,5.04,7.72,True,0.040000000000000036,-0.28000000000000025
52,8,50,8,17,44,10.4,5,5.12,7.93,True,0.1200000000000001,-0.07000000000000028
52,9,50,8,17,44,10.4,5,5.13,8.0,True,0.1299999999999999,0.0
52,10,50,8,17,44,10.4,5,5.1,8.05,True,0.09999999999999964,0.05000000000000071
52,11,50,8,17,44,10.4,5,5.14,7.93,True,0.13999999999999968,-0.07000000000000028
52,12,50,8,17,44,10.4,5,5.13,7.99,True,0.1299999999999999,-0.009999999999999787
53,1,50,8,18,48,10.8,5,4.98,7.93,True,-0.019999999999999574,-0.07000000000000028
53,2,50,8,18,48,10.8,5,4.98,7.99,True,-0.019999999999999574,-0.009999999999999787
53,3,50,8,18,48,10.8,5,4.99,7.86,True,-0.009999999999999787,-0.13999999999999968
53,4,50,8,18,48,10.8,5,5.0,7.9,True,0.0,-0.09999999999999964
53,5,50,8,18,48,10.8,5,5.08,7.99,True,0.08000000000000007,-0.009999999999999787
53,6,50,8,18,48,10.8,5,5.08,7.94,True,0.08000000000000007,-0.05999999999999961
53,7,50,8,18,48,10.8,5,5.0,7.93,True,0.0,-0.07000000000000028
53,8,50,8,18,48,10.8,5,5.04,7.75,True,0.040000000000000036,-0.25
53,9,50,8,18,48,10.8,5,5.04,7.75,True,0.040000000000000036,-0.25
53,10,50,8,18,48,10.8,5,5.04,7.76,True,0.040000000000000036,-0.2400000000000002
53,11,50,8,18,48,10.8,5,5.05,7.7,True,0.04999999999999982,-0.2999999999999998
53,12,50,8,18,48,10.8,5,5.05,7.65,True,0.04999999999999982,-0.34999999999999964
55,1,50,8,20,54,11.4,5,4.94,7.97,True,-0.05999999999999961,-0.03000000000000025
55,2,50,8,20,54,11.4,5,4.94,7.92,True,-0.05999999999999961,-0.08000000000000007
55,3,50,8,20,54,11.4,5,4.95,8.03,True,-0.04999999999999982,0.02999999999999936
55,4,50,8,20,54,11.4,5,4.99,8.04,True,-0.009999999999999787,0.03999999999999915
55,5,50,8,20,54,11.4,5,4.89,8.04,True,-0.11000000000000032,0.03999999999999915
55,6,50,8,20,54,11.4,5,4.86,7.77,True,-0.13999999999999968,-0.23000000000000043
55,7,50,8,20,54,11.4,5,4.8,8.0,True,-0.20000000000000018,0.0
55,8,50,8,20,54,11.4,5,4.85,7.98,True,-0.15000000000000036,-0.019999999999999574
55,9,50,8,20,54,11.4,5,4.89,7.96,True,-0.11000000000000032,-0.040000000000000036
55,10,50,8,20,54,11.4,5,5.01,8.02,True,0.009999999999999787,0.019999999999999574
55,11,50,8,20,54,11.4,5,5.01,8.02,True,0.009999999999999787,0.019999999999999574
55,12,50,8,20,54,11.4,5,5.06,7.97,True,0.05999999999999961,-0.03000000000000025
64,1,50,8,8,17,7.7,5,6.04,9.61,True,1.04,1.6099999999999994
64,2,50,8,8,17,7.7,5,6.54,10.35,True,1.54,2.3499999999999996
64,3,50,8,8,17,7.7,5,6.45,10.5,True,1.4500000000000002,2.5
64,4,50,8,8,17,7.7,5,6.45,10.53,True,1.4500000000000002,2.5299999999999994
64,5,50,8,8,17,7.7,5,6.26,10.68,True,1.2599999999999998,2.6799999999999997
64,6,50,8,8,17,7.7,5,5.83,10.18,True,0.8300000000000001,2.1799999999999997
64,7,50,8,8,17,7.7,5,6.0,10.89,True,1.0,2.8900000000000006
64,8,50,8,8,17,7.7,5,6.05,10.46,True,1.0499999999999998,2.460000000000001
64,9,50,8,8,17,7.7,5,5.81,10.32,True,0.8099999999999996,2.3200000000000003
64,10,50,8,8,17,7.7,5,5.81,10.63,True,0.8099999999999996,2.630000000000001
64,11,50,8,8,17,7.7,5,5.84,10.5,True,0.8399999999999999,2.5
64,12,50,8,8,17,7.7,5,5.65,9.63,True,0.6500000000000004,1.6300000000000008
65,1,50,8,9,20,8.0,5,5.97,10.71,True,0.9699999999999998,2.710000000000001
65,2,50,8,9,20,8.0,5,5.98,10.0,True,0.9800000000000004,2.0
65,3,50,8,9,20,8.0,5,5.98,10.44,True,0.9800000000000004,2.4399999999999995
65,4,50,8,9,20,8.0,5,6.0,10.53,True,1.0,2.5299999999999994
65,5,50,8,9,20,8.0,5,6.08,10.5,True,1.08,2.5
65,6,50,8,9,20,8.0,5,6.12,10.46,True,1.12,2.460000000000001
65,7,50,8,9,20,8.0,5,6.14,10.16,True,1.1399999999999997,2.16
65,8,50,8,9,20,8.0,5,6.25,10.46,True,1.25,2.460000000000001
65,9,50,8,9,20,8.0,5,6.25,10.7,True,1.25,2.6999999999999993
65,10,50,8,9,20,8.0,5,6.5,11.08,True,1.5,3.08
65,11,50,8,9,20,8.0,5,6.46,10.78,True,1.46,2.7799999999999994
65,12,50,8,9,20,8.0,5,6.39,9.83,True,1.3899999999999997,1.83
66,1,50,8,10,24,8.4,5,5.9,9.13,True,0.9000000000000004,1.1300000000000008
66,2,50,8,10,24,8.4,5,5.91,9.99,True,0.9100000000000001,1.9900000000000002
66,3,50,8,10,24,8.4,5,5.91,9.61,True,0.9100000000000001,1.6099999999999994
66,4,50,8,10,24,8.4,5,5.98,9.83,True,0.9800000000000004,1.83
66,5,50,8,10,24,8.4,5,5.98,9.77,True,0.9800000000000004,1.7699999999999996
66,6,50,8,10,24,8.4,5,5.99,9.38,True,0.9900000000000002,1.3800000000000008
66,7,50,8,10,24,8.4,5,6.01,9.92,True,1.0099999999999998,1.92
66,8,50,8,10,24,8.4,5,6.02,9.54,True,1.0199999999999996,1.5399999999999991
66,9,50,8,10,24,8.4,5,6.02,9.82,True,1.0199999999999996,1.8200000000000003
66,10,50,8,10,24,8.4,5,6.05,9.88,True,1.0499999999999998,1.8800000000000008
66,11,50,8,10,24,8.4,5,6.08,9.83,True,1.08,1.83
66,12,50,8,10,24,8.4,5,6.21,9.96,True,1.21,1.9600000000000009
67,1,50,8,11,27,8.7,5,6.0,9.51,True,1.0,1.5099999999999998
67,2,50,8,11,27,8.7,5,5.94,9.59,True,0.9400000000000004,1.5899999999999999
67,3,50,8,11,27,8.7,5,5.94,9.55,True,0.9400000000000004,1.5500000000000007
67,4,50,8,11,27,8.7,5,6.05,9.41,True,1.0499999999999998,1.4100000000000001
67,5,50,8,11,27,8.7,5,5.97,9.3,True,0.9699999999999998,1.3000000000000007
67,6,50,8,11,27,8.7,5,5.97,9.51,True,0.9699999999999998,1.5099999999999998
67,7,50,8,11,27,8.7,5,5.98,9.57,True,0.9800000000000004,1.5700000000000003
67,8,50,8,11,27,8.7,5,5.99,9.79,True,0.9900000000000002,1.7899999999999991
67,9,50,8,11,27,8.7,5,6.14,9.65,True,1.1399999999999997,1.6500000000000004
67,10,50,8,11,27,8.7,5,6.03,9.74,True,1.0300000000000002,1.7400000000000002
67,11,50,8,11,27,8.7,5,6.0,9.74,True,1.0,1.7400000000000002
67,12,50,8,11,27,8.7,5,5.92,9.83,True,0.9199999999999999,1.83
68,1,50,8,12,30,9.0,5,5.56,9.02,True,0.5599999999999996,1.0199999999999996
68,2,50,8,12,30,9.0,5,5.56,9.15,True,0.5599999999999996,1.1500000000000004
68,3,50,8,12,30,9.0,5,5.66,9.12,True,0.6600000000000001,1.1199999999999992
68,4,50,8,12,30,9.0,5,5.67,9.18,True,0.6699999999999999,1.1799999999999997
68,5,50,8,12,30,9.0,5,5.68,9.18,True,0.6799999999999997,1.1799999999999997
68,6,50,8,12,30,9.0,5,5.67,9.21,True,0.6699999999999999,1.2100000000000009
68,7,50,8,12,30,9.0,5,5.68,9.09,True,0.6799999999999997,1.0899999999999999
68,8,50,8,12,30,9.0,5,5.68,9.09,True,0.6799999999999997,1.0899999999999999
68,9,50,8,12,30,9.0,5,5.74,9.51,True,0.7400000000000002,1.5099999999999998
68,10,50,8,12,30,9.0,5,5.78,9.3,True,0.7800000000000002,1.3000000000000007
68,11,50,8,12,30,9.0,5,5.89,9.3,True,0.8899999999999997,1.3000000000000007
68,12,50,8,12,30,9.0,5,5.73,9.03,True,0.7300000000000004,1.0299999999999994
69,1,50,8,13,34,9.4,5,5.74,9.06,True,0.7400000000000002,1.0600000000000005
69,2,50,8,13,34,9.4,5,5.83,9.19,True,0.8300000000000001,1.1899999999999995
69,3,50,8,13,34,9.4,5,5.84,9.19,True,0.8399999999999999,1.1899999999999995
69,4,50,8,13,34,9.4,5,5.84,8.94,True,0.8399999999999999,0.9399999999999995
69,5,50,8,13,34,9.4,5,5.86,9.34,True,0.8600000000000003,1.3399999999999999
69,6,50,8,13,34,9.4,5,5.87,9.34,True,0.8700000000000001,1.3399999999999999
69,7,50,8,13,34,9.4,5,5.87,9.34,True,0.8700000000000001,1.3399999999999999
69,8,50,8,13,34,9.4,5,5.87,9.67,True,0.8700000000000001,1.67
69,9,50,8,13,34,9.4,5,5.79,9.55,True,0.79,1.5500000000000007
69,10,50,8,13,34,9.4,5,5.91,9.7,True,0.9100000000000001,1.6999999999999993
69,11,50,8,13,34,9.4,5,5.94,9.75,True,0.9400000000000004,1.75
69,12,50,8,13,34,9.4,5,5.95,9.83,True,0.9500000000000002,1.83
71,1,50,8,15,40,10.0,5,5.69,9.16,True,0.6900000000000004,1.1600000000000001
71,2,50,8,15,40,10.0,5,5.69,8.97,True,0.6900000000000004,0.9700000000000006
71,3,50,8,15,40,10.0,5,5.7,8.84,True,0.7000000000000002,0.8399999999999999
71,4,50,8,15,40,10.0,5,5.71,9.12,True,0.71,1.1199999999999992
71,5,50,8,15,40,10.0,5,5.7,9.12,True,0.7000000000000002,1.1199999999999992
71,6,50,8,15,40,10.0,5,5.7,9.05,True,0.7000000000000002,1.0500000000000007
71,7,50,8,15,40,10.0,5,5.67,8.98,True,0.6699999999999999,0.9800000000000004
71,8,50,8,15,40,10.0,5,5.7,8.81,True,0.7000000000000002,0.8100000000000005
71,9,50,8,15,40,10.0,5,5.83,9.03,True,0.8300000000000001,1.0299999999999994
71,10,50,8,15,40,10.0,5,5.79,9.03,True,0.79,1.0299999999999994
71,11,50,8,15,40,10.0,5,5.89,9.03,True,0.8899999999999997,1.0299999999999994
71,12,50,8,15,40,10.0,5,5.89,8.71,True,0.8899999999999997,0.7100000000000009
72,1,50,8,16,44,10.4,5,5.87,8.74,True,0.8700000000000001,0.7400000000000002
72,2,50,8,16,44,10.4,5,5.78,8.91,True,0.7800000000000002,0.9100000000000001
72,3,50,8,16,44,10.4,5,5.77,8.89,True,0.7699999999999996,0.8900000000000006
72,4,50,8,16,44,10.4,5,5.77,9.32,True,0.7699999999999996,1.3200000000000003
72,5,50,8,16,44,10.4,5,5.78,8.91,True,0.7800000000000002,0.9100000000000001
72,6,50,8,16,44,10.4,5,5.78,8.91,True,0.7800000000000002,0.9100000000000001
72,7,50,8,16,44,10.4,5,5.78,8.91,True,0.7800000000000002,0.9100000000000001
72,8,50,8,16,44,10.4,5,5.76,9.01,True,0.7599999999999998,1.0099999999999998
72,9,50,8,16,44,10.4,5,5.7,9.01,True,0.7000000000000002,1.0099999999999998
72,10,50,8,16,44,10.4,5,5.51,9.01,True,0.5099999999999998,1.0099999999999998
72,11,50,8,16,44,10.4,5,5.52,9.18,True,0.5199999999999996,1.1799999999999997
72,12,50,8,16,44,10.4,5,5.3,9.0,True,0.2999999999999998,1.0
73,1,50,8,17,47,10.7,5,5.72,8.9,True,0.7199999999999998,0.9000000000000004
73,2,50,8,17,47,10.7,5,5.68,8.95,True,0.6799999999999997,0.9499999999999993
73,3,50,8,17,47,10.7,5,5.66,8.83,True,0.6600000000000001,0.8300000000000001
73,4,50,8,17,47,10.7,5,5.65,8.83,True,0.6500000000000004,0.8300000000000001
73,5,50,8,17,47,10.7,5,5.65,8.86,True,0.6500000000000004,0.8599999999999994
73,6,50,8,17,47,10.7,5,5.62,8.96,True,0.6200000000000001,0.9600000000000009
73,7,50,8,17,47,10.7,5,5.63,8.41,True,0.6299999999999999,0.41000000000000014
73,8,50,8,17,47,10.7,5,5.63,8.15,True,0.6299999999999999,0.15000000000000036
73,9,50,8,17,47,10.7,5,5.73,8.12,True,0.7300000000000004,0.11999999999999922
73,10,50,8,17,47,10.7,5,5.78,8.12,True,0.7800000000000002,0.11999999999999922
73,11,50,8,17,47,10.7,5,5.78,8.15,True,0.7800000000000002,0.15000000000000036
73,12,50,8,17,47,10.7,5,5.51,8.12,True,0.5099999999999998,0.11999999999999922
74,1,50,8,18,50,11.0,5,5.49,8.67,True,0.4900000000000002,0.6699999999999999
74,2,50,8,18,50,11.0,5,5.34,8.53,True,0.33999999999999986,0.5299999999999994
74,3,50,8,18,50,11.0,5,5.28,8.53,True,0.28000000000000025,0.5299999999999994
74,4,50,8,18,50,11.0,5,5.27,8.6,True,0.2699999999999996,0.5999999999999996
74,5,50,8,18,50,11.0,5,5.21,8.66,True,0.20999999999999996,0.6600000000000001
74,6,50,8,18,50,11.0,5,5.13,8.66,True,0.1299999999999999,0.6600000000000001
74,7,50,8,18,50,11.0,5,5.12,8.55,True,0.1200000000000001,0.5500000000000007
74,8,50,8,18,50,11.0,5,5.12,8.67,True,0.1200000000000001,0.6699999999999999
74,9,50,8,18,50,11.0,5,5.12,8.78,True,0.1200000000000001,0.7799999999999994
74,10,50,8,18,50,11.0,5,5.12,8.52,True,0.1200000000000001,0.5199999999999996
74,11,50,8,18,50,11.0,5,5.3,8.38,True,0.2999999999999998,0.3800000000000008
74,12,50,8,18,50,11.0,5,5.17,8.44,True,0.16999999999999993,0.4399999999999995
75,1,50,8,19,54,11.4,5,5.44,8.35,True,0.4400000000000004,0.34999999999999964
75,2,50,8,19,54,11.4,5,5.39,8.17,True,0.3899999999999997,0.16999999999999993
75,3,50,8,19,54,11.4,5,5.26,8.17,True,0.2599999999999998,0.16999999999999993
75,4,50,8,19,54,11.4,5,5.27,8.17,True,0.2699999999999996,0.16999999999999993
75,5,50,8,19,54,11.4,5,5.26,7.87,True,0.2599999999999998,-0.1299999999999999
75,6,50,8,19,54,11.4,5,5.3,8.48,True,0.2999999999999998,0.4800000000000004
75,7,50,8,19,54,11.4,5,5.31,8.48,True,0.3099999999999996,0.4800000000000004
75,8,50,8,19,54,11.4,5,5.31,8.53,True,0.3099999999999996,0.5299999999999994
75,9,50,8,19,54,11.4,5,5.33,8.5,True,0.33000000000000007,0.5
75,10,50,8,19,54,11.4,5,5.39,8.5,True,0.3899999999999997,0.5
75,11,50,8,19,54,11.4,5,5.34,8.73,True,0.33999999999999986,0.7300000000000004
75,12,50,8,19,54,11.4,5,5.35,8.44,True,0.34999999999999964,0.4399999999999995
77,1,50,8,21,60,12.0,5,5.4,8.33,True,0.40000000000000036,0.33000000000000007
77,2,50,8,21,60,12.0,5,5.28,8.09,True,0.28000000000000025,0.08999999999999986
77,3,50,8,21,60,12.0,5,5.28,8.5,True,0.28000000000000025,0.5
77,4,50,8,21,60,12.0,5,5.2,8.97,True,0.20000000000000018,0.9700000000000006
77,5,50,8,21,60,12.0,5,5.2,8.59,True,0.20000000000000018,0.5899999999999999
77,6,50,8,21,60,12.0,5,5.45,8.82,True,0.4500000000000002,0.8200000000000003
77,7,50,8,21,60,12.0,5,5.72,8.82,True,0.7199999999999998,0.8200000000000003
77,8,50,8,21,60,12.0,5,5.64,8.46,True,0.6399999999999997,0.46000000000000085
77,9,50,8,21,60,12.0,5,5.56,8.93,True,0.5599999999999996,0.9299999999999997
77,10,50,8,21,60,12.0,5,5.56,8.2,True,0.5599999999999996,0.1999999999999993
77,11,50,8,21,60,12.0,5,5.67,8.57,True,0.6699999999999999,0.5700000000000003
77,12,50,8,21,60,12.0,5,5.68,8.57,True,0.6799999999999997,0.5700000000000003
88,1,50,8,23,77,13.7,5,5.61,8.49,True,0.6100000000000003,0.4900000000000002
88,2,50,8,23,77,13.7,5,5.56,8.4,True,0.5599999999999996,0.40000000000000036
88,3,50,8,23,77,13.7,5,5.42,8.68,True,0.41999999999999993,0.6799999999999997
88,4,50,8,23,77,13.7,5,5.42,8.58,True,0.41999999999999993,0.5800000000000001
88,5,50,8,23,77,13.7,5,5.42,8.45,True,0.41999999999999993,0.4499999999999993
88,6,50,8,23,77,13.7,5,5.4,8.42,True,0.40000000000000036,0.41999999999999993
88,7,50,8,23,77,13.7,5,5.13,8.42,True,0.1299999999999999,0.41999999999999993
88,8,50,8,23,77,13.7,5,5.19,8.25,True,0.1900000000000004,0.25
88,9,50,8,23,77,13.7,5,5.19,8.21,True,0.1900000000000004,0.21000000000000085
88,10,50,8,23,77,13.7,5,5.08,8.11,True,0.08000000000000007,0.10999999999999943
88,11,50,8,23,77,13.7,5,5.05,8.11,True,0.04999999999999982,0.10999999999999943
88,12,50,8,23,77,13.7,5,5.05,8.32,True,0.04999999999999982,0.3200000000000003
99,1,50,8,25,88,14.8,5,5.37,8.73,True,0.3700000000000001,0.7300000000000004
99,2,50,8,25,88,14.8,5,5.3,8.8,True,0.2999999999999998,0.8000000000000007
99,3,50,8,25,88,14.8,5,5.32,8.79,True,0.3200000000000003,0.7899999999999991
99,4,50,8,25,88,14.8,5,5.26,8.56,True,0.2599999999999998,0.5600000000000005
99,5,50,8,25,88,14.8,5,5.4,8.49,True,0.40000000000000036,0.4900000000000002
99,6,50,8,25,88,14.8,5,5.37,8.35,True,0.3700000000000001,0.34999999999999964
99,7,50,8,25,88,14.8,5,5.31,8.33,True,0.3099999999999996,0.33000000000000007
99,8,50,8,25,88,14.8,5,5.31,8.33,True,0.3099999999999996,0.33000000000000007
99,9,50,8,25,88,14.8,5,5.19,8.2,True,0.1900000000000004,0.1999999999999993
99,10,50,8,25,88,14.8,5,5.23,8.36,True,0.23000000000000043,0.35999999999999943
99,11,50,8,25,88,14.8,5,5.23,8.36,True,0.23000000000000043,0.35999999999999943
99,12,50,8,25,88,14.8,5,5.16,8.43,True,0.16000000000000014,0.4299999999999997
