pallet,extrusion,layer_height,nn-formula,line,layer_width_intended,replicate,layer_width_measured,over-under
SA1,02,05,00,01,18,01,-1,-1
SA1,02,05,00,01,18,02,-1,-1
SA1,02,05,00,01,18,03,-1,-1
SA1,02,05,00,01,18,04,-1,-1
SA1,02,05,00,01,18,05,-1,-1
SA1,02,05,00,02,24,01,20.5,-1
SA1,02,05,00,02,24,02,19.7,-1
SA1,02,05,00,02,24,03,20.7,-1
SA1,02,05,00,02,24,04,21.8,-1
SA1,02,05,00,02,24,05,22.7,-1
SA1,02,05,00,03,30,01,30.7,0
SA1,02,05,00,03,30,02,31.3,0
SA1,02,05,00,03,30,03,31.3,0
SA1,02,05,00,03,30,04,31,0
SA1,02,05,00,03,30,05,30.8,0
SA1,02,05,00,04,36,01,37.2,0
SA1,02,05,00,04,36,02,37.3,0
SA1,02,05,00,04,36,03,37,0
SA1,02,05,00,04,36,04,37.1,0
SA1,02,05,00,04,36,05,37.6,0
SA1,02,05,00,05,42,01,42.9,1
SA1,02,05,00,05,42,02,43.8,1
SA1,02,05,00,05,42,03,43.6,1
SA1,02,05,00,05,42,04,44,1
SA1,02,05,00,05,42,05,43.1,1
SA1,02,05,00,06,48,01,53,1
SA1,02,05,00,06,48,02,52.1,1
SA1,02,05,00,06,48,03,50.1,1
SA1,02,05,00,06,48,04,53.7,1
SA1,02,05,00,06,48,05,49.6,1
SA1,02,05,00,07,54,01,57.1,1
SA1,02,05,00,07,54,02,56.6,1
SA1,02,05,00,07,54,03,55.5,1
SA1,02,05,00,07,54,04,56.4,1
SA1,02,05,00,07,54,05,56.7,1
SA1,02,05,01,01,18,01,-1,-1
SA1,02,05,01,01,18,02,-1,-1
SA1,02,05,01,01,18,03,-1,-1
SA1,02,05,01,01,18,04,-1,-1
SA1,02,05,01,01,18,05,-1,-1
SA1,02,05,01,02,24,01,21.3,-1
SA1,02,05,01,02,24,02,21.7,-1
SA1,02,05,01,02,24,03,22.5,-1
SA1,02,05,01,02,24,04,23,-1
SA1,02,05,01,02,24,05,23.4,-1
SA1,02,05,01,03,30,01,32.6,0
SA1,02,05,01,03,30,02,31.4,0
SA1,02,05,01,03,30,03,31.1,0
SA1,02,05,01,03,30,04,30.7,0
SA1,02,05,01,03,30,05,30.3,0
SA1,02,05,01,04,36,01,38.4,0
SA1,02,05,01,04,36,02,37.5,0
SA1,02,05,01,04,36,03,37.2,0
SA1,02,05,01,04,36,04,37.3,0
SA1,02,05,01,04,36,05,37.7,0
SA1,02,05,01,05,42,01,43.9,1
SA1,02,05,01,05,42,02,45.7,1
SA1,02,05,01,05,42,03,45.3,1
SA1,02,05,01,05,42,04,46.4,1
SA1,02,05,01,05,42,05,46.1,1
SA1,02,05,01,06,48,01,51.1,1
SA1,02,05,01,06,48,02,49.3,1
SA1,02,05,01,06,48,03,50.2,1
SA1,02,05,01,06,48,04,49.5,1
SA1,02,05,01,06,48,05,50,1
SA1,02,05,01,07,54,01,58,1
SA1,02,05,01,07,54,02,57.3,1
SA1,02,05,01,07,54,03,54.6,1
SA1,02,05,01,07,54,04,54,1
SA1,02,05,01,07,54,05,54.7,1
SB,02,08,00,01,18,01,-1,-1
SB,02,08,00,01,18,02,-1,-1
SB,02,08,00,01,18,03,-1,-1
SB,02,08,00,01,18,04,-1,-1
SB,02,08,00,01,18,05,-1,-1
SB,02,08,00,02,24,01,24.2,0
SB,02,08,00,02,24,02,23,0
SB,02,08,00,02,24,03,22.6,0
SB,02,08,00,02,24,04,22.8,0
SB,02,08,00,02,24,05,22.7,0
SB,02,08,00,03,30,01,30.5,0
SB,02,08,00,03,30,02,30.3,0
SB,02,08,00,03,30,03,30.4,0
SB,02,08,00,03,30,04,31,0
SB,02,08,00,03,30,05,31.1,0
SB,02,08,00,04,36,01,37.5,0
SB,02,08,00,04,36,02,36,0
SB,02,08,00,04,36,03,36.2,0
SB,02,08,00,04,36,04,36.2,0
SB,02,08,00,04,36,05,36.2,0
SB,02,08,00,05,42,01,44.5,0
SB,02,08,00,05,42,02,43.8,0
SB,02,08,00,05,42,03,44.8,0
SB,02,08,00,05,42,04,44,0
SB,02,08,00,05,42,05,44,0
SB,02,08,00,06,48,01,50.3,1
SB,02,08,00,06,48,02,50.3,1
SB,02,08,00,06,48,03,50,1
SB,02,08,00,06,48,04,48.5,1
SB,02,08,00,06,48,05,48.6,1
SB,02,08,00,07,54,01,57,1
SB,02,08,00,07,54,02,57.6,1
SB,02,08,00,07,54,03,58.4,1
SB,02,08,00,07,54,04,56,1
SB,02,08,00,07,54,05,56.1,1
SB,02,08,01,01,18,01,-1,-1
SB,02,08,01,01,18,02,-1,-1
SB,02,08,01,01,18,03,-1,-1
SB,02,08,01,01,18,04,-1,-1
SB,02,08,01,01,18,05,-1,-1
SB,02,08,01,02,24,01,24.3,0
SB,02,08,01,02,24,02,24.4,0
SB,02,08,01,02,24,03,24,0
SB,02,08,01,02,24,04,23.6,0
SB,02,08,01,02,24,05,23.8,0
SB,02,08,01,03,30,01,31.1,0
SB,02,08,01,03,30,02,30.7,0
SB,02,08,01,03,30,03,31.1,0
SB,02,08,01,03,30,04,30.9,0
SB,02,08,01,03,30,05,30.7,0
SB,02,08,01,04,36,01,37.5,0
SB,02,08,01,04,36,02,37.8,0
SB,02,08,01,04,36,03,36.8,0
SB,02,08,01,04,36,04,37.2,0
SB,02,08,01,04,36,05,37.4,0
SB,02,08,01,05,42,01,45.8,0
SB,02,08,01,05,42,02,44.6,0
SB,02,08,01,05,42,03,44.4,0
SB,02,08,01,05,42,04,43.6,0
SB,02,08,01,05,42,05,44.4,0
SB,02,08,01,06,48,01,48.9,1
SB,02,08,01,06,48,02,49.7,1
SB,02,08,01,06,48,03,50.7,1
SB,02,08,01,06,48,04,49,1
SB,02,08,01,06,48,05,50,1
SB,02,08,01,07,54,01,58.3,1
SB,02,08,01,07,54,02,59.4,1
SB,02,08,01,07,54,03,56.9,1
SB,02,08,01,07,54,04,59.6,1
SB,02,08,01,07,54,05,55.1,1
L2L,02,10,00,01,18,01,-1,-1
L2L,02,10,00,01,18,02,-1,-1
L2L,02,10,00,01,18,03,-1,-1
L2L,02,10,00,01,18,04,-1,-1
L2L,02,10,00,01,18,05,-1,-1
L2L,02,10,00,02,24,01,23.4,0
L2L,02,10,00,02,24,02,23,0
L2L,02,10,00,02,24,03,23.6,0
L2L,02,10,00,02,24,04,23.1,0
L2L,02,10,00,02,24,05,23.2,0
L2L,02,10,00,03,30,01,29.6,0
L2L,02,10,00,03,30,02,29.4,0
L2L,02,10,00,03,30,03,29.5,0
L2L,02,10,00,03,30,04,29,0
L2L,02,10,00,03,30,05,29,0
L2L,02,10,00,04,36,01,35.6,0
L2L,02,10,00,04,36,02,34.7,0
L2L,02,10,00,04,36,03,34.7,0
L2L,02,10,00,04,36,04,35.2,0
L2L,02,10,00,04,36,05,35,0
L2L,02,10,00,05,42,01,40.8,0
L2L,02,10,00,05,42,02,39.4,0
L2L,02,10,00,05,42,03,40.5,0
L2L,02,10,00,05,42,04,40.4,0
L2L,02,10,00,05,42,05,41.2,0
L2L,02,10,00,06,48,01,47.2,0
L2L,02,10,00,06,48,02,46.8,0
L2L,02,10,00,06,48,03,45.9,0
L2L,02,10,00,06,48,04,46.3,0
L2L,02,10,00,06,48,05,46.5,0
L2L,02,10,00,07,54,01,52.2,1
L2L,02,10,00,07,54,02,53.3,1
L2L,02,10,00,07,54,03,52.3,1
L2L,02,10,00,07,54,04,53,1
L2L,02,10,00,07,54,05,53.8,1
L2L,02,10,01,01,18,01,-1,-1
L2L,02,10,01,01,18,02,-1,-1
L2L,02,10,01,01,18,03,-1,-1
L2L,02,10,01,01,18,04,-1,-1
L2L,02,10,01,01,18,05,-1,-1
L2L,02,10,01,02,24,01,23.5,0
L2L,02,10,01,02,24,02,23.1,0
L2L,02,10,01,02,24,03,23.2,0
L2L,02,10,01,02,24,04,21.8,0
L2L,02,10,01,02,24,05,21.5,0
L2L,02,10,01,03,30,01,29.2,0
L2L,02,10,01,03,30,02,29.4,0
L2L,02,10,01,03,30,03,29.5,0
L2L,02,10,01,03,30,04,29.5,0
L2L,02,10,01,03,30,05,29.1,0
L2L,02,10,01,04,36,01,35.1,0
L2L,02,10,01,04,36,02,34.9,0
L2L,02,10,01,04,36,03,35.2,0
L2L,02,10,01,04,36,04,36.3,0
L2L,02,10,01,04,36,05,36,0
L2L,02,10,01,05,42,01,42.7,0
L2L,02,10,01,05,42,02,40.7,0
L2L,02,10,01,05,42,03,41.6,0
L2L,02,10,01,05,42,04,42.4,0
L2L,02,10,01,05,42,05,41.4,0
L2L,02,10,01,06,48,01,48,0
L2L,02,10,01,06,48,02,47,0
L2L,02,10,01,06,48,03,46.9,0
L2L,02,10,01,06,48,04,48.3,0
L2L,02,10,01,06,48,05,48.1,0
L2L,02,10,01,07,54,01,53.9,1
L2L,02,10,01,07,54,02,54.4,1
L2L,02,10,01,07,54,03,53.9,1
L2L,02,10,01,07,54,04,57,1
L2L,02,10,01,07,54,05,54,1
L1L,02,12,00,01,18,01,-1,-1
L1L,02,12,00,01,18,02,-1,-1
L1L,02,12,00,01,18,03,-1,-1
L1L,02,12,00,01,18,04,-1,-1
L1L,02,12,00,01,18,05,-1,-1
L1L,02,12,00,02,24,01,25.2,0
L1L,02,12,00,02,24,02,24.6,0
L1L,02,12,00,02,24,03,25.1,0
L1L,02,12,00,02,24,04,25.6,0
L1L,02,12,00,02,24,05,25.1,0
L1L,02,12,00,03,30,01,32.6,0
L1L,02,12,00,03,30,02,32.6,0
L1L,02,12,00,03,30,03,32.5,0
L1L,02,12,00,03,30,04,32.2,0
L1L,02,12,00,03,30,05,32.6,0
L1L,02,12,00,04,36,01,39.6,0
L1L,02,12,00,04,36,02,38.6,0
L1L,02,12,00,04,36,03,39.1,0
L1L,02,12,00,04,36,04,39.1,0
L1L,02,12,00,04,36,05,39,0
L1L,02,12,00,05,42,01,46.1,1
L1L,02,12,00,05,42,02,47.8,1
L1L,02,12,00,05,42,03,46.7,1
L1L,02,12,00,05,42,04,46,1
L1L,02,12,00,05,42,05,46.6,1
L1L,02,12,00,06,48,01,51,1
L1L,02,12,00,06,48,02,53.9,1
L1L,02,12,00,06,48,03,51.2,1
L1L,02,12,00,06,48,04,51.8,1
L1L,02,12,00,06,48,05,53.6,1
L1L,02,12,00,07,54,01,64.7,1
L1L,02,12,00,07,54,02,64.3,1
L1L,02,12,00,07,54,03,65.3,1
L1L,02,12,00,07,54,04,64.5,1
L1L,02,12,00,07,54,05,65.4,1
L1L,02,12,01,01,18,01,-1,-1
L1L,02,12,01,01,18,02,-1,-1
L1L,02,12,01,01,18,03,-1,-1
L1L,02,12,01,01,18,04,-1,-1
L1L,02,12,01,01,18,05,-1,-1
L1L,02,12,01,02,24,01,25.3,0
L1L,02,12,01,02,24,02,25,0
L1L,02,12,01,02,24,03,24.1,0
L1L,02,12,01,02,24,04,24,0
L1L,02,12,01,02,24,05,23.7,0
L1L,02,12,01,03,30,01,32.1,0
L1L,02,12,01,03,30,02,31.9,0
L1L,02,12,01,03,30,03,31,0
L1L,02,12,01,03,30,04,30.9,0
L1L,02,12,01,03,30,05,31.5,0
L1L,02,12,01,04,36,01,37.1,0
L1L,02,12,01,04,36,02,37.9,0
L1L,02,12,01,04,36,03,37.2,0
L1L,02,12,01,04,36,04,38.7,0
L1L,02,12,01,04,36,05,38.1,0
L1L,02,12,01,05,42,01,44.2,0
L1L,02,12,01,05,42,02,43.7,0
L1L,02,12,01,05,42,03,45,0
L1L,02,12,01,05,42,04,44,0
L1L,02,12,01,05,42,05,44.7,0
L1L,02,12,01,06,48,01,49.5,1
L1L,02,12,01,06,48,02,53.1,1
L1L,02,12,01,06,48,03,52.7,1
L1L,02,12,01,06,48,04,50.6,1
L1L,02,12,01,06,48,05,49.3,1
L1L,02,12,01,07,54,01,59.2,1
L1L,02,12,01,07,54,02,58.5,1
L1L,02,12,01,07,54,03,60.6,1
L1L,02,12,01,07,54,04,58.6,1
L1L,02,12,01,07,54,05,59.3,1
SA2,02,15,00,01,18,01,-1,-1
SA2,02,15,00,01,18,02,-1,-1
SA2,02,15,00,01,18,03,-1,-1
SA2,02,15,00,01,18,04,-1,-1
SA2,02,15,00,01,18,05,-1,-1
SA2,02,15,00,02,24,01,23.2,0
SA2,02,15,00,02,24,02,24.1,0
SA2,02,15,00,02,24,03,24,0
SA2,02,15,00,02,24,04,23.3,0
SA2,02,15,00,02,24,05,23.7,0
SA2,02,15,00,03,30,01,30.5,0
SA2,02,15,00,03,30,02,30.2,0
SA2,02,15,00,03,30,03,30.5,0
SA2,02,15,00,03,30,04,30.2,0
SA2,02,15,00,03,30,05,30,0
SA2,02,15,00,04,36,01,37.9,0
SA2,02,15,00,04,36,02,36.8,0
SA2,02,15,00,04,36,03,36.9,0
SA2,02,15,00,04,36,04,36.7,0
SA2,02,15,00,04,36,05,36.5,0
SA2,02,15,00,05,42,01,44.6,0
SA2,02,15,00,05,42,02,44.6,0
SA2,02,15,00,05,42,03,43.4,0
SA2,02,15,00,05,42,04,44.9,0
SA2,02,15,00,05,42,05,45.2,0
SA2,02,15,00,06,48,01,51.9,0
SA2,02,15,00,06,48,02,51,0
SA2,02,15,00,06,48,03,50,0
SA2,02,15,00,06,48,04,50.2,0
SA2,02,15,00,06,48,05,48.2,0
SA2,02,15,00,07,54,01,58.8,1
SA2,02,15,00,07,54,02,57.1,1
SA2,02,15,00,07,54,03,55.7,1
SA2,02,15,00,07,54,04,57.2,1
SA2,02,15,00,07,54,05,55,1
SA2,02,15,01,01,18,01,-1,-1
SA2,02,15,01,01,18,02,-1,-1
SA2,02,15,01,01,18,03,-1,-1
SA2,02,15,01,01,18,04,-1,-1
SA2,02,15,01,01,18,05,-1,-1
SA2,02,15,01,02,24,01,24.3,0
SA2,02,15,01,02,24,02,24.4,0
SA2,02,15,01,02,24,03,24.9,0
SA2,02,15,01,02,24,04,25.5,0
SA2,02,15,01,02,24,05,25.3,0
SA2,02,15,01,03,30,01,32.6,0
SA2,02,15,01,03,30,02,32.4,0
SA2,02,15,01,03,30,03,32.4,0
SA2,02,15,01,03,30,04,32.5,0
SA2,02,15,01,03,30,05,33,0
SA2,02,15,01,04,36,01,39.9,0
SA2,02,15,01,04,36,02,41.1,0
SA2,02,15,01,04,36,03,39.5,0
SA2,02,15,01,04,36,04,39.3,0
SA2,02,15,01,04,36,05,39.7,0
SA2,02,15,01,05,42,01,46.6,0
SA2,02,15,01,05,42,02,47.4,0
SA2,02,15,01,05,42,03,47.3,0
SA2,02,15,01,05,42,04,47,0
SA2,02,15,01,05,42,05,46.4,0
SA2,02,15,01,06,48,01,52.6,1
SA2,02,15,01,06,48,02,52.8,1
SA2,02,15,01,06,48,03,53,1
SA2,02,15,01,06,48,04,53,1
SA2,02,15,01,06,48,05,52.8,1
SA2,02,15,01,07,54,01,60.5,1
SA2,02,15,01,07,54,02,58.8,1
SA2,02,15,01,07,54,03,58.5,1
SA2,02,15,01,07,54,04,59.2,1
SA2,02,15,01,07,54,05,59,1
SA3,02,18,00,01,18,01,-1,-1
SA3,02,18,00,01,18,02,-1,-1
SA3,02,18,00,01,18,03,-1,-1
SA3,02,18,00,01,18,04,-1,-1
SA3,02,18,00,01,18,05,-1,-1
SA3,02,18,00,02,24,01,24,0
SA3,02,18,00,02,24,02,23.6,0
SA3,02,18,00,02,24,03,24,0
SA3,02,18,00,02,24,04,23.8,0
SA3,02,18,00,02,24,05,23.6,0
SA3,02,18,00,03,30,01,30.9,0
SA3,02,18,00,03,30,02,30,0
SA3,02,18,00,03,30,03,30.6,0
SA3,02,18,00,03,30,04,30,0
SA3,02,18,00,03,30,05,30.6,0
SA3,02,18,00,04,36,01,36.8,0
SA3,02,18,00,04,36,02,36.9,0
SA3,02,18,00,04,36,03,36.4,0
SA3,02,18,00,04,36,04,35.9,0
SA3,02,18,00,04,36,05,36.2,0
SA3,02,18,00,05,42,01,42.1,0
SA3,02,18,00,05,42,02,42.7,0
SA3,02,18,00,05,42,03,43.5,0
SA3,02,18,00,05,42,04,42.9,0
SA3,02,18,00,05,42,05,42.4,0
SA3,02,18,00,06,48,01,52.4,1
SA3,02,18,00,06,48,02,52.4,1
SA3,02,18,00,06,48,03,50,1
SA3,02,18,00,06,48,04,50.5,1
SA3,02,18,00,06,48,05,50.1,1
SA3,02,18,00,07,54,01,56.8,1
SA3,02,18,00,07,54,02,58.7,1
SA3,02,18,00,07,54,03,60.3,1
SA3,02,18,00,07,54,04,57.8,1
SA3,02,18,00,07,54,05,59,1
SA3,02,18,01,01,18,01,-1,-1
SA3,02,18,01,01,18,02,-1,-1
SA3,02,18,01,01,18,03,-1,-1
SA3,02,18,01,01,18,04,-1,-1
SA3,02,18,01,01,18,05,-1,-1
SA3,02,18,01,02,24,01,23.3,0
SA3,02,18,01,02,24,02,23.4,0
SA3,02,18,01,02,24,03,23.2,0
SA3,02,18,01,02,24,04,23.6,0
SA3,02,18,01,02,24,05,23.4,0
SA3,02,18,01,03,30,01,30.7,0
SA3,02,18,01,03,30,02,29.7,0
SA3,02,18,01,03,30,03,30,0
SA3,02,18,01,03,30,04,30.1,0
SA3,02,18,01,03,30,05,29.4,0
SA3,02,18,01,04,36,01,35.7,0
SA3,02,18,01,04,36,02,35.5,0
SA3,02,18,01,04,36,03,35.1,0
SA3,02,18,01,04,36,04,35.4,0
SA3,02,18,01,04,36,05,35.4,0
SA3,02,18,01,05,42,01,41.6,0
SA3,02,18,01,05,42,02,42,0
SA3,02,18,01,05,42,03,41.5,0
SA3,02,18,01,05,42,04,41.6,0
SA3,02,18,01,05,42,05,41.6,0
SA3,02,18,01,06,48,01,47.5,1
SA3,02,18,01,06,48,02,47.7,1
SA3,02,18,01,06,48,03,48.4,1
SA3,02,18,01,06,48,04,48.1,1
SA3,02,18,01,06,48,05,47.6,1
SA3,02,18,01,07,54,01,52.6,1
SA3,02,18,01,07,54,02,53.3,1
SA3,02,18,01,07,54,03,53.7,1
SA3,02,18,01,07,54,04,53.3,1
SA3,02,18,01,07,54,05,54,1
SD1,03,05,00,01,18,01,-1,-1
SD1,03,05,00,01,18,02,-1,-1
SD1,03,05,00,01,18,03,-1,-1
SD1,03,05,00,01,18,04,-1,-1
SD1,03,05,00,01,18,05,-1,-1
SD1,03,05,00,02,24,01,27.4,0
SD1,03,05,00,02,24,02,25.6,0
SD1,03,05,00,02,24,03,25.1,0
SD1,03,05,00,02,24,04,25.4,0
SD1,03,05,00,02,24,05,25.2,0
SD1,03,05,00,03,30,01,34.1,0
SD1,03,05,00,03,30,02,32.7,0
SD1,03,05,00,03,30,03,33.6,0
SD1,03,05,00,03,30,04,33.5,0
SD1,03,05,00,03,30,05,33,0
SD1,03,05,00,04,36,01,39.4,1
SD1,03,05,00,04,36,02,40,1
SD1,03,05,00,04,36,03,41.3,1
SD1,03,05,00,04,36,04,41.3,1
SD1,03,05,00,04,36,05,40,1
SD1,03,05,00,05,42,01,48.2,1
SD1,03,05,00,05,42,02,49,1
SD1,03,05,00,05,42,03,50,1
SD1,03,05,00,05,42,04,47.7,1
SD1,03,05,00,05,42,05,48.3,1
SD1,03,05,00,06,48,01,53.6,1
SD1,03,05,00,06,48,02,53.6,1
SD1,03,05,00,06,48,03,53,1
SD1,03,05,00,06,48,04,53.6,1
SD1,03,05,00,06,48,05,53.8,1
SD1,03,05,00,07,54,01,59.4,1
SD1,03,05,00,07,54,02,58.2,1
SD1,03,05,00,07,54,03,59.6,1
SD1,03,05,00,07,54,04,60.3,1
SD1,03,05,00,07,54,05,60.8,1
SD1,03,05,01,01,18,01,-1,-1
SD1,03,05,01,01,18,02,-1,-1
SD1,03,05,01,01,18,03,-1,-1
SD1,03,05,01,01,18,04,-1,-1
SD1,03,05,01,01,18,05,-1,-1
SD1,03,05,01,02,24,01,26.6,0
SD1,03,05,01,02,24,02,26,0
SD1,03,05,01,02,24,03,25.6,0
SD1,03,05,01,02,24,04,25.4,0
SD1,03,05,01,02,24,05,25.6,0
SD1,03,05,01,03,30,01,34.5,0
SD1,03,05,01,03,30,02,34.2,0
SD1,03,05,01,03,30,03,33.7,0
SD1,03,05,01,03,30,04,33.6,0
SD1,03,05,01,03,30,05,33,0
SD1,03,05,01,04,36,01,40.8,1
SD1,03,05,01,04,36,02,43.2,1
SD1,03,05,01,04,36,03,42.8,1
SD1,03,05,01,04,36,04,41.4,1
SD1,03,05,01,04,36,05,41.3,1
SD1,03,05,01,05,42,01,47,1
SD1,03,05,01,05,42,02,47.1,1
SD1,03,05,01,05,42,03,46.2,1
SD1,03,05,01,05,42,04,46,1
SD1,03,05,01,05,42,05,47.3,1
SD1,03,05,01,06,48,01,54.9,1
SD1,03,05,01,06,48,02,53.7,1
SD1,03,05,01,06,48,03,53.3,1
SD1,03,05,01,06,48,04,53.7,1
SD1,03,05,01,06,48,05,53.3,1
SD1,03,05,01,07,54,01,58.5,1
SD1,03,05,01,07,54,02,56.5,1
SD1,03,05,01,07,54,03,57.4,1
SD1,03,05,01,07,54,04,58.2,1
SD1,03,05,01,07,54,05,57.7,1
SC,03,08,00,01,18,01,-1,-1
SC,03,08,00,01,18,02,-1,-1
SC,03,08,00,01,18,03,-1,-1
SC,03,08,00,01,18,04,-1,-1
SC,03,08,00,01,18,05,-1,-1
SC,03,08,00,02,24,01,26.1,0
SC,03,08,00,02,24,02,26.2,0
SC,03,08,00,02,24,03,26.3,0
SC,03,08,00,02,24,04,27.4,0
SC,03,08,00,02,24,05,26.6,0
SC,03,08,00,03,30,01,35.5,0
SC,03,08,00,03,30,02,33.6,0
SC,03,08,00,03,30,03,33.8,0
SC,03,08,00,03,30,04,34.3,0
SC,03,08,00,03,30,05,34.2,0
SC,03,08,00,04,36,01,42.1,0
SC,03,08,00,04,36,02,42.1,0
SC,03,08,00,04,36,03,42.6,0
SC,03,08,00,04,36,04,42.3,0
SC,03,08,00,04,36,05,41.9,0
SC,03,08,00,05,42,01,50.9,0
SC,03,08,00,05,42,02,50,0
SC,03,08,00,05,42,03,49.8,0
SC,03,08,00,05,42,04,49.5,0
SC,03,08,00,05,42,05,49.4,0
SC,03,08,00,06,48,01,55.1,1
SC,03,08,00,06,48,02,54.3,1
SC,03,08,00,06,48,03,56.8,1
SC,03,08,00,06,48,04,57.5,1
SC,03,08,00,06,48,05,58,1
SC,03,08,00,07,54,01,67.4,1
SC,03,08,00,07,54,02,66.8,1
SC,03,08,00,07,54,03,64.8,1
SC,03,08,00,07,54,04,66.4,1
SC,03,08,00,07,54,05,63.8,1
SC,03,08,01,01,18,01,-1,-1
SC,03,08,01,01,18,02,-1,-1
SC,03,08,01,01,18,03,-1,-1
SC,03,08,01,01,18,04,-1,-1
SC,03,08,01,01,18,05,-1,-1
SC,03,08,01,02,24,01,23.6,0
SC,03,08,01,02,24,02,24.7,0
SC,03,08,01,02,24,03,25.1,0
SC,03,08,01,02,24,04,26.1,0
SC,03,08,01,02,24,05,26.3,0
SC,03,08,01,03,30,01,32.8,0
SC,03,08,01,03,30,02,32.1,0
SC,03,08,01,03,30,03,32,0
SC,03,08,01,03,30,04,32.3,0
SC,03,08,01,03,30,05,32.2,0
SC,03,08,01,04,36,01,41.5,0
SC,03,08,01,04,36,02,40.5,0
SC,03,08,01,04,36,03,40.8,0
SC,03,08,01,04,36,04,41,0
SC,03,08,01,04,36,05,40.9,0
SC,03,08,01,05,42,01,48,0
SC,03,08,01,05,42,02,46.9,0
SC,03,08,01,05,42,03,47.2,0
SC,03,08,01,05,42,04,47.2,0
SC,03,08,01,05,42,05,47.2,0
SC,03,08,01,06,48,01,55,1
SC,03,08,01,06,48,02,56.1,1
SC,03,08,01,06,48,03,57.2,1
SC,03,08,01,06,48,04,55.2,1
SC,03,08,01,06,48,05,55.8,1
SC,03,08,01,07,54,01,59.5,1
SC,03,08,01,07,54,02,62,1
SC,03,08,01,07,54,03,60.4,1
SC,03,08,01,07,54,04,60.5,1
SC,03,08,01,07,54,05,62.9,1
L2R,03,10,00,01,18,01,17.8,-1
L2R,03,10,00,01,18,02,17.9,-1
L2R,03,10,00,01,18,03,18.1,-1
L2R,03,10,00,01,18,04,18.6,-1
L2R,03,10,00,01,18,05,18.9,-1
L2R,03,10,00,02,24,01,26.5,0
L2R,03,10,00,02,24,02,27.1,0
L2R,03,10,00,02,24,03,27.3,0
L2R,03,10,00,02,24,04,27.7,0
L2R,03,10,00,02,24,05,27.5,0
L2R,03,10,00,03,30,01,33,0
L2R,03,10,00,03,30,02,33.5,0
L2R,03,10,00,03,30,03,33.3,0
L2R,03,10,00,03,30,04,33.7,0
L2R,03,10,00,03,30,05,33.5,0
L2R,03,10,00,04,36,01,41.3,0
L2R,03,10,00,04,36,02,40.7,0
L2R,03,10,00,04,36,03,40.7,0
L2R,03,10,00,04,36,04,41.5,0
L2R,03,10,00,04,36,05,41.1,0
L2R,03,10,00,05,42,01,47.2,0
L2R,03,10,00,05,42,02,47.6,0
L2R,03,10,00,05,42,03,46.9,0
L2R,03,10,00,05,42,04,47.5,0
L2R,03,10,00,05,42,05,46.8,0
L2R,03,10,00,06,48,01,56.6,1
L2R,03,10,00,06,48,02,55.3,1
L2R,03,10,00,06,48,03,55.2,1
L2R,03,10,00,06,48,04,55,1
L2R,03,10,00,06,48,05,56.1,1
L2R,03,10,00,07,54,01,61.6,1
L2R,03,10,00,07,54,02,60.9,1
L2R,03,10,00,07,54,03,60.9,1
L2R,03,10,00,07,54,04,61.2,1
L2R,03,10,00,07,54,05,60.2,1
L2R,03,10,01,01,18,01,17.1,-1
L2R,03,10,01,01,18,02,17.4,-1
L2R,03,10,01,01,18,03,18.6,-1
L2R,03,10,01,01,18,04,18.9,-1
L2R,03,10,01,01,18,05,19.2,-1
L2R,03,10,01,02,24,01,26.4,0
L2R,03,10,01,02,24,02,26.9,0
L2R,03,10,01,02,24,03,26.8,0
L2R,03,10,01,02,24,04,27,0
L2R,03,10,01,02,24,05,26.8,0
L2R,03,10,01,03,30,01,34,0
L2R,03,10,01,03,30,02,33.6,0
L2R,03,10,01,03,30,03,33.7,0
L2R,03,10,01,03,30,04,33.8,0
L2R,03,10,01,03,30,05,33.7,0
L2R,03,10,01,04,36,01,41.9,0
L2R,03,10,01,04,36,02,41.5,0
L2R,03,10,01,04,36,03,41.2,0
L2R,03,10,01,04,36,04,41.7,0
L2R,03,10,01,04,36,05,41.6,0
L2R,03,10,01,05,42,01,47.9,0
L2R,03,10,01,05,42,02,48.3,0
L2R,03,10,01,05,42,03,48.4,0
L2R,03,10,01,05,42,04,48.1,0
L2R,03,10,01,05,42,05,48,0
L2R,03,10,01,06,48,01,55.6,0
L2R,03,10,01,06,48,02,54.5,0
L2R,03,10,01,06,48,03,55.5,0
L2R,03,10,01,06,48,04,55.2,0
L2R,03,10,01,06,48,05,55.6,0
L2R,03,10,01,07,54,01,62.6,1
L2R,03,10,01,07,54,02,62.3,1
L2R,03,10,01,07,54,03,64.4,1
L2R,03,10,01,07,54,04,63.1,1
L2R,03,10,01,07,54,05,63.7,1
L1R,03,12,00,01,18,01,16.8,-1
L1R,03,12,00,01,18,02,17.6,-1
L1R,03,12,00,01,18,03,18.7,-1
L1R,03,12,00,01,18,04,19.4,-1
L1R,03,12,00,01,18,05,19.5,-1
L1R,03,12,00,02,24,01,27,0
L1R,03,12,00,02,24,02,27.5,0
L1R,03,12,00,02,24,03,27.2,0
L1R,03,12,00,02,24,04,27,0
L1R,03,12,00,02,24,05,27.3,0
L1R,03,12,00,03,30,01,34.3,0
L1R,03,12,00,03,30,02,34.8,0
L1R,03,12,00,03,30,03,34,0
L1R,03,12,00,03,30,04,34.7,0
L1R,03,12,00,03,30,05,34.7,0
L1R,03,12,00,04,36,01,41.5,0
L1R,03,12,00,04,36,02,41.5,0
L1R,03,12,00,04,36,03,41.3,0
L1R,03,12,00,04,36,04,41.4,0
L1R,03,12,00,04,36,05,41.7,0
L1R,03,12,00,05,42,01,48.7,0
L1R,03,12,00,05,42,02,48.2,0
L1R,03,12,00,05,42,03,48.4,0
L1R,03,12,00,05,42,04,48.8,0
L1R,03,12,00,05,42,05,48.6,0
L1R,03,12,00,06,48,01,54.9,0
L1R,03,12,00,06,48,02,54.5,0
L1R,03,12,00,06,48,03,54.7,0
L1R,03,12,00,06,48,04,54.5,0
L1R,03,12,00,06,48,05,55,0
L1R,03,12,00,07,54,01,63.2,1
L1R,03,12,00,07,54,02,63.1,1
L1R,03,12,00,07,54,03,61,1
L1R,03,12,00,07,54,04,61.7,1
L1R,03,12,00,07,54,05,61.3,1
L1R,03,12,01,01,18,01,19,-1
L1R,03,12,01,01,18,02,18,-1
L1R,03,12,01,01,18,03,18.7,-1
L1R,03,12,01,01,18,04,19.2,-1
L1R,03,12,01,01,18,05,19.3,-1
L1R,03,12,01,02,24,01,26.9,0
L1R,03,12,01,02,24,02,26.5,0
L1R,03,12,01,02,24,03,26.8,0
L1R,03,12,01,02,24,04,27,0
L1R,03,12,01,02,24,05,26.8,0
L1R,03,12,01,03,30,01,34.2,0
L1R,03,12,01,03,30,02,34,0
L1R,03,12,01,03,30,03,33.6,0
L1R,03,12,01,03,30,04,33.5,0
L1R,03,12,01,03,30,05,33.3,0
L1R,03,12,01,04,36,01,41.9,0
L1R,03,12,01,04,36,02,41.5,0
L1R,03,12,01,04,36,03,40.8,0
L1R,03,12,01,04,36,04,41.2,0
L1R,03,12,01,04,36,05,40,0
L1R,03,12,01,05,42,01,48.5,0
L1R,03,12,01,05,42,02,48.1,0
L1R,03,12,01,05,42,03,49.1,0
L1R,03,12,01,05,42,04,48.5,0
L1R,03,12,01,05,42,05,48,0
L1R,03,12,01,06,48,01,55.8,1
L1R,03,12,01,06,48,02,55.9,1
L1R,03,12,01,06,48,03,56.2,1
L1R,03,12,01,06,48,04,56.4,1
L1R,03,12,01,06,48,05,55.9,1
L1R,03,12,01,07,54,01,62.6,1
L1R,03,12,01,07,54,02,61.9,1
L1R,03,12,01,07,54,03,61.9,1
L1R,03,12,01,07,54,04,62,1
L1R,03,12,01,07,54,05,61.7,1
SD2,03,15,00,01,18,01,-1,-1
SD2,03,15,00,01,18,02,-1,-1
SD2,03,15,00,01,18,03,-1,-1
SD2,03,15,00,01,18,04,-1,-1
SD2,03,15,00,01,18,05,-1,-1
SD2,03,15,00,02,24,01,25.6,0
SD2,03,15,00,02,24,02,25.1,0
SD2,03,15,00,02,24,03,25.3,0
SD2,03,15,00,02,24,04,25.5,0
SD2,03,15,00,02,24,05,26,0
SD2,03,15,00,03,30,01,32.2,0
SD2,03,15,00,03,30,02,32.2,0
SD2,03,15,00,03,30,03,32.5,0
SD2,03,15,00,03,30,04,32.1,0
SD2,03,15,00,03,30,05,32.3,0
SD2,03,15,00,04,36,01,40.5,0
SD2,03,15,00,04,36,02,39.7,0
SD2,03,15,00,04,36,03,39.3,0
SD2,03,15,00,04,36,04,40.3,0
SD2,03,15,00,04,36,05,40.3,0
SD2,03,15,00,05,42,01,47.6,0
SD2,03,15,00,05,42,02,47.2,0
SD2,03,15,00,05,42,03,47.3,0
SD2,03,15,00,05,42,04,46,0
SD2,03,15,00,05,42,05,46.5,0
SD2,03,15,00,06,48,01,55.9,1
SD2,03,15,00,06,48,02,55.5,1
SD2,03,15,00,06,48,03,52.6,1
SD2,03,15,00,06,48,04,53.1,1
SD2,03,15,00,06,48,05,53.1,1
SD2,03,15,00,07,54,01,61.4,1
SD2,03,15,00,07,54,02,61.7,1
SD2,03,15,00,07,54,03,62.1,1
SD2,03,15,00,07,54,04,62.9,1
SD2,03,15,00,07,54,05,61.9,1
SD2,03,15,01,01,18,01,-1,-1
SD2,03,15,01,01,18,02,-1,-1
SD2,03,15,01,01,18,03,-1,-1
SD2,03,15,01,01,18,04,-1,-1
SD2,03,15,01,01,18,05,-1,-1
SD2,03,15,01,02,24,01,25,0
SD2,03,15,01,02,24,02,24.4,0
SD2,03,15,01,02,24,03,25.2,0
SD2,03,15,01,02,24,04,25.5,0
SD2,03,15,01,02,24,05,25.4,0
SD2,03,15,01,03,30,01,33,0
SD2,03,15,01,03,30,02,32,0
SD2,03,15,01,03,30,03,32.2,0
SD2,03,15,01,03,30,04,33.3,0
SD2,03,15,01,03,30,05,33.4,0
SD2,03,15,01,04,36,01,40.3,0
SD2,03,15,01,04,36,02,40.3,0
SD2,03,15,01,04,36,03,39.3,0
SD2,03,15,01,04,36,04,39.9,0
SD2,03,15,01,04,36,05,39.9,0
SD2,03,15,01,05,42,01,46.3,0
SD2,03,15,01,05,42,02,46.3,0
SD2,03,15,01,05,42,03,46.5,0
SD2,03,15,01,05,42,04,46,0
SD2,03,15,01,05,42,05,46.8,0
SD2,03,15,01,06,48,01,54.3,1
SD2,03,15,01,06,48,02,55,1
SD2,03,15,01,06,48,03,54.2,1
SD2,03,15,01,06,48,04,54.7,1
SD2,03,15,01,06,48,05,53,1
SD2,03,15,01,07,54,01,62.2,1
SD2,03,15,01,07,54,02,61.7,1
SD2,03,15,01,07,54,03,60,1
SD2,03,15,01,07,54,04,61,1
SD2,03,15,01,07,54,05,62,1
SD3,03,18,00,01,18,01,19,-1
SD3,03,18,00,01,18,02,20.2,-1
SD3,03,18,00,01,18,03,20.6,-1
SD3,03,18,00,01,18,04,20.6,-1
SD3,03,18,00,01,18,05,20.8,-1
SD3,03,18,00,02,24,01,24.8,0
SD3,03,18,00,02,24,02,24.5,0
SD3,03,18,00,02,24,03,24.7,0
SD3,03,18,00,02,24,04,25.1,0
SD3,03,18,00,02,24,05,25.1,0
SD3,03,18,00,03,30,01,32.1,0
SD3,03,18,00,03,30,02,31.8,0
SD3,03,18,00,03,30,03,32.1,0
SD3,03,18,00,03,30,04,31.9,0
SD3,03,18,00,03,30,05,32.1,0
SD3,03,18,00,04,36,01,38.6,0
SD3,03,18,00,04,36,02,39,0
SD3,03,18,00,04,36,03,39.1,0
SD3,03,18,00,04,36,04,39.8,0
SD3,03,18,00,04,36,05,39.5,0
SD3,03,18,00,05,42,01,48,0
SD3,03,18,00,05,42,02,48.7,0
SD3,03,18,00,05,42,03,48.7,0
SD3,03,18,00,05,42,04,49.4,0
SD3,03,18,00,05,42,05,49.3,0
SD3*,03,18,00,06,48,01,53.4,0
SD3*,03,18,00,06,48,02,54.2,0
SD3*,03,18,00,06,48,03,53.9,0
SD3*,03,18,00,06,48,04,54.8,0
SD3*,03,18,00,06,48,05,54.4,0
SD3,03,18,00,07,54,01,62.2,1
SD3,03,18,00,07,54,02,63.3,1
SD3,03,18,00,07,54,03,60.4,1
SD3,03,18,00,07,54,04,60,1
SD3,03,18,00,07,54,05,61.8,1
SD3,03,18,01,01,18,01,18.2,-1
SD3,03,18,01,01,18,02,18.1,-1
SD3,03,18,01,01,18,03,20.2,-1
SD3,03,18,01,01,18,04,20.4,-1
SD3,03,18,01,01,18,05,20.1,-1
SD3,03,18,01,02,24,01,25.8,0
SD3,03,18,01,02,24,02,25.6,0
SD3,03,18,01,02,24,03,25.5,0
SD3,03,18,01,02,24,04,26,0
SD3,03,18,01,02,24,05,25.7,0
SD3,03,18,01,03,30,01,32.8,0
SD3,03,18,01,03,30,02,32.8,0
SD3,03,18,01,03,30,03,32.3,0
SD3,03,18,01,03,30,04,33.2,0
SD3,03,18,01,03,30,05,32.7,0
SD3,03,18,01,04,36,01,40.8,0
SD3,03,18,01,04,36,02,40.6,0
SD3,03,18,01,04,36,03,40.2,0
SD3,03,18,01,04,36,04,40.4,0
SD3,03,18,01,04,36,05,40.5,0
SD3,03,18,01,05,42,01,47.5,0
SD3,03,18,01,05,42,02,47.3,0
SD3,03,18,01,05,42,03,46.7,0
SD3,03,18,01,05,42,04,46.5,0
SD3,03,18,01,05,42,05,47.1,0
SD3,03,18,01,06,48,01,53.3,1
SD3,03,18,01,06,48,02,53,1
SD3,03,18,01,06,48,03,54.3,1
SD3,03,18,01,06,48,04,54.3,1
SD3,03,18,01,06,48,05,54.4,1
SD3,03,18,01,07,54,01,62.2,1
SD3,03,18,01,07,54,02,62.8,1
SD3,03,18,01,07,54,03,62.2,1
SD3,03,18,01,07,54,04,61.6,1
SD3,03,18,01,07,54,05,62.6,1