pallet,extrusion,layer_height,nn-formula,line,layer_width_intended,replicate,layer_width_measured,over-under,exp_speed
SA1,2,5,0,1,18,1,-1.0,-1,394
SA1,2,5,0,1,18,2,-1.0,-1,394
SA1,2,5,0,1,18,3,-1.0,-1,394
SA1,2,5,0,1,18,4,-1.0,-1,394
SA1,2,5,0,1,18,5,-1.0,-1,394
SA1,2,5,0,2,24,1,20.5,-1,291
SA1,2,5,0,2,24,2,19.7,-1,291
SA1,2,5,0,2,24,3,20.7,-1,291
SA1,2,5,0,2,24,4,21.8,-1,291
SA1,2,5,0,2,24,5,22.7,-1,291
SA1,2,5,0,3,30,1,30.7,0,230
SA1,2,5,0,3,30,2,31.3,0,230
SA1,2,5,0,3,30,3,31.3,0,230
SA1,2,5,0,3,30,4,31.0,0,230
SA1,2,5,0,3,30,5,30.8,0,230
SA1,2,5,0,4,36,1,37.2,0,191
SA1,2,5,0,4,36,2,37.3,0,191
SA1,2,5,0,4,36,3,37.0,0,191
SA1,2,5,0,4,36,4,37.1,0,191
SA1,2,5,0,4,36,5,37.6,0,191
SA1,2,5,0,5,42,1,42.9,1,163
SA1,2,5,0,5,42,2,43.8,1,163
SA1,2,5,0,5,42,3,43.6,1,163
SA1,2,5,0,5,42,4,44.0,1,163
SA1,2,5,0,5,42,5,43.1,1,163
SA1,2,5,0,6,48,1,53.0,1,142
SA1,2,5,0,6,48,2,52.1,1,142
SA1,2,5,0,6,48,3,50.1,1,142
SA1,2,5,0,6,48,4,53.7,1,142
SA1,2,5,0,6,48,5,49.6,1,142
SA1,2,5,0,7,54,1,57.1,1,126
SA1,2,5,0,7,54,2,56.6,1,126
SA1,2,5,0,7,54,3,55.5,1,126
SA1,2,5,0,7,54,4,56.4,1,126
SA1,2,5,0,7,54,5,56.7,1,126
SA1,2,5,1,1,18,1,-1.0,-1,394
SA1,2,5,1,1,18,2,-1.0,-1,394
SA1,2,5,1,1,18,3,-1.0,-1,394
SA1,2,5,1,1,18,4,-1.0,-1,394
SA1,2,5,1,1,18,5,-1.0,-1,394
SA1,2,5,1,2,24,1,21.3,-1,291
SA1,2,5,1,2,24,2,21.7,-1,291
SA1,2,5,1,2,24,3,22.5,-1,291
SA1,2,5,1,2,24,4,23.0,-1,291
SA1,2,5,1,2,24,5,23.4,-1,291
SA1,2,5,1,3,30,1,32.6,0,230
SA1,2,5,1,3,30,2,31.4,0,230
SA1,2,5,1,3,30,3,31.1,0,230
SA1,2,5,1,3,30,4,30.7,0,230
SA1,2,5,1,3,30,5,30.3,0,230
SA1,2,5,1,4,36,1,38.4,0,191
SA1,2,5,1,4,36,2,37.5,0,191
SA1,2,5,1,4,36,3,37.2,0,191
SA1,2,5,1,4,36,4,37.3,0,191
SA1,2,5,1,4,36,5,37.7,0,191
SA1,2,5,1,5,42,1,43.9,1,163
SA1,2,5,1,5,42,2,45.7,1,163
SA1,2,5,1,5,42,3,45.3,1,163
SA1,2,5,1,5,42,4,46.4,1,163
SA1,2,5,1,5,42,5,46.1,1,163
SA1,2,5,1,6,48,1,51.1,1,142
SA1,2,5,1,6,48,2,49.3,1,142
SA1,2,5,1,6,48,3,50.2,1,142
SA1,2,5,1,6,48,4,49.5,1,142
SA1,2,5,1,6,48,5,50.0,1,142
SA1,2,5,1,7,54,1,58.0,1,126
SA1,2,5,1,7,54,2,57.3,1,126
SA1,2,5,1,7,54,3,54.6,1,126
SA1,2,5,1,7,54,4,54.0,1,126
SA1,2,5,1,7,54,5,54.7,1,126
SB,2,8,0,1,18,1,-1.0,-1,256
SB,2,8,0,1,18,2,-1.0,-1,256
SB,2,8,0,1,18,3,-1.0,-1,256
SB,2,8,0,1,18,4,-1.0,-1,256
SB,2,8,0,1,18,5,-1.0,-1,256
SB,2,8,0,2,24,1,24.2,0,187
SB,2,8,0,2,24,2,23.0,0,187
SB,2,8,0,2,24,3,22.6,0,187
SB,2,8,0,2,24,4,22.8,0,187
SB,2,8,0,2,24,5,22.7,0,187
SB,2,8,0,3,30,1,30.5,0,147
SB,2,8,0,3,30,2,30.3,0,147
SB,2,8,0,3,30,3,30.4,0,147
SB,2,8,0,3,30,4,31.0,0,147
SB,2,8,0,3,30,5,31.1,0,147
SB,2,8,0,4,36,1,37.5,0,122
SB,2,8,0,4,36,2,36.0,0,122
SB,2,8,0,4,36,3,36.2,0,122
SB,2,8,0,4,36,4,36.2,0,122
SB,2,8,0,4,36,5,36.2,0,122
SB,2,8,0,5,42,1,44.5,0,103
SB,2,8,0,5,42,2,43.8,0,103
SB,2,8,0,5,42,3,44.8,0,103
SB,2,8,0,5,42,4,44.0,0,103
SB,2,8,0,5,42,5,44.0,0,103
SB,2,8,0,6,48,1,50.3,1,90
SB,2,8,0,6,48,2,50.3,1,90
SB,2,8,0,6,48,3,50.0,1,90
SB,2,8,0,6,48,4,48.5,1,90
SB,2,8,0,6,48,5,48.6,1,90
SB,2,8,0,7,54,1,57.0,1,80
SB,2,8,0,7,54,2,57.6,1,80
SB,2,8,0,7,54,3,58.4,1,80
SB,2,8,0,7,54,4,56.0,1,80
SB,2,8,0,7,54,5,56.1,1,80
SB,2,8,1,1,18,1,-1.0,-1,256
SB,2,8,1,1,18,2,-1.0,-1,256
SB,2,8,1,1,18,3,-1.0,-1,256
SB,2,8,1,1,18,4,-1.0,-1,256
SB,2,8,1,1,18,5,-1.0,-1,256
SB,2,8,1,2,24,1,24.3,0,187
SB,2,8,1,2,24,2,24.4,0,187
SB,2,8,1,2,24,3,24.0,0,187
SB,2,8,1,2,24,4,23.6,0,187
SB,2,8,1,2,24,5,23.8,0,187
SB,2,8,1,3,30,1,31.1,0,147
SB,2,8,1,3,30,2,30.7,0,147
SB,2,8,1,3,30,3,31.1,0,147
SB,2,8,1,3,30,4,30.9,0,147
SB,2,8,1,3,30,5,30.7,0,147
SB,2,8,1,4,36,1,37.5,0,122
SB,2,8,1,4,36,2,37.8,0,122
SB,2,8,1,4,36,3,36.8,0,122
SB,2,8,1,4,36,4,37.2,0,122
SB,2,8,1,4,36,5,37.4,0,122
SB,2,8,1,5,42,1,45.8,0,103
SB,2,8,1,5,42,2,44.6,0,103
SB,2,8,1,5,42,3,44.4,0,103
SB,2,8,1,5,42,4,43.6,0,103
SB,2,8,1,5,42,5,44.4,0,103
SB,2,8,1,6,48,1,48.9,1,90
SB,2,8,1,6,48,2,49.7,1,90
SB,2,8,1,6,48,3,50.7,1,90
SB,2,8,1,6,48,4,49.0,1,90
SB,2,8,1,6,48,5,50.0,1,90
SB,2,8,1,7,54,1,58.3,1,80
SB,2,8,1,7,54,2,59.4,1,80
SB,2,8,1,7,54,3,56.9,1,80
SB,2,8,1,7,54,4,59.6,1,80
SB,2,8,1,7,54,5,55.1,1,80
L2L,2,10,0,1,18,1,-1.0,-1,210
L2L,2,10,0,1,18,2,-1.0,-1,210
L2L,2,10,0,1,18,3,-1.0,-1,210
L2L,2,10,0,1,18,4,-1.0,-1,210
L2L,2,10,0,1,18,5,-1.0,-1,210
L2L,2,10,0,2,24,1,23.4,0,153
L2L,2,10,0,2,24,2,23.0,0,153
L2L,2,10,0,2,24,3,23.6,0,153
L2L,2,10,0,2,24,4,23.1,0,153
L2L,2,10,0,2,24,5,23.2,0,153
L2L,2,10,0,3,30,1,29.6,0,120
L2L,2,10,0,3,30,2,29.4,0,120
L2L,2,10,0,3,30,3,29.5,0,120
L2L,2,10,0,3,30,4,29.0,0,120
L2L,2,10,0,3,30,5,29.0,0,120
L2L,2,10,0,4,36,1,35.6,0,98
L2L,2,10,0,4,36,2,34.7,0,98
L2L,2,10,0,4,36,3,34.7,0,98
L2L,2,10,0,4,36,4,35.2,0,98
L2L,2,10,0,4,36,5,35.0,0,98
L2L,2,10,0,5,42,1,40.8,0,84
L2L,2,10,0,5,42,2,39.4,0,84
L2L,2,10,0,5,42,3,40.5,0,84
L2L,2,10,0,5,42,4,40.4,0,84
L2L,2,10,0,5,42,5,41.2,0,84
L2L,2,10,0,6,48,1,47.2,0,73
L2L,2,10,0,6,48,2,46.8,0,73
L2L,2,10,0,6,48,3,45.9,0,73
L2L,2,10,0,6,48,4,46.3,0,73
L2L,2,10,0,6,48,5,46.5,0,73
L2L,2,10,0,7,54,1,52.2,1,64
L2L,2,10,0,7,54,2,53.3,1,64
L2L,2,10,0,7,54,3,52.3,1,64
L2L,2,10,0,7,54,4,53.0,1,64
L2L,2,10,0,7,54,5,53.8,1,64
L2L,2,10,1,1,18,1,-1.0,-1,210
L2L,2,10,1,1,18,2,-1.0,-1,210
L2L,2,10,1,1,18,3,-1.0,-1,210
L2L,2,10,1,1,18,4,-1.0,-1,210
L2L,2,10,1,1,18,5,-1.0,-1,210
L2L,2,10,1,2,24,1,23.5,0,153
L2L,2,10,1,2,24,2,23.1,0,153
L2L,2,10,1,2,24,3,23.2,0,153
L2L,2,10,1,2,24,4,21.8,0,153
L2L,2,10,1,2,24,5,21.5,0,153
L2L,2,10,1,3,30,1,29.2,0,120
L2L,2,10,1,3,30,2,29.4,0,120
L2L,2,10,1,3,30,3,29.5,0,120
L2L,2,10,1,3,30,4,29.5,0,120
L2L,2,10,1,3,30,5,29.1,0,120
L2L,2,10,1,4,36,1,35.1,0,98
L2L,2,10,1,4,36,2,34.9,0,98
L2L,2,10,1,4,36,3,35.2,0,98
L2L,2,10,1,4,36,4,36.3,0,98
L2L,2,10,1,4,36,5,36.0,0,98
L2L,2,10,1,5,42,1,42.7,0,84
L2L,2,10,1,5,42,2,40.7,0,84
L2L,2,10,1,5,42,3,41.6,0,84
L2L,2,10,1,5,42,4,42.4,0,84
L2L,2,10,1,5,42,5,41.4,0,84
L2L,2,10,1,6,48,1,48.0,0,73
L2L,2,10,1,6,48,2,47.0,0,73
L2L,2,10,1,6,48,3,46.9,0,73
L2L,2,10,1,6,48,4,48.3,0,73
L2L,2,10,1,6,48,5,48.1,0,73
L2L,2,10,1,7,54,1,53.9,1,64
L2L,2,10,1,7,54,2,54.4,1,64
L2L,2,10,1,7,54,3,53.9,1,64
L2L,2,10,1,7,54,4,57.0,1,64
L2L,2,10,1,7,54,5,54.0,1,64
L1L,2,12,0,1,18,1,-1.0,-1,180
L1L,2,12,0,1,18,2,-1.0,-1,180
L1L,2,12,0,1,18,3,-1.0,-1,180
L1L,2,12,0,1,18,4,-1.0,-1,180
L1L,2,12,0,1,18,5,-1.0,-1,180
L1L,2,12,0,2,24,1,25.2,0,130
L1L,2,12,0,2,24,2,24.6,0,130
L1L,2,12,0,2,24,3,25.1,0,130
L1L,2,12,0,2,24,4,25.6,0,130
L1L,2,12,0,2,24,5,25.1,0,130
L1L,2,12,0,3,30,1,32.6,0,101
L1L,2,12,0,3,30,2,32.6,0,101
L1L,2,12,0,3,30,3,32.5,0,101
L1L,2,12,0,3,30,4,32.2,0,101
L1L,2,12,0,3,30,5,32.6,0,101
L1L,2,12,0,4,36,1,39.6,0,83
L1L,2,12,0,4,36,2,38.6,0,83
L1L,2,12,0,4,36,3,39.1,0,83
L1L,2,12,0,4,36,4,39.1,0,83
L1L,2,12,0,4,36,5,39.0,0,83
L1L,2,12,0,5,42,1,46.1,1,70
L1L,2,12,0,5,42,2,47.8,1,70
L1L,2,12,0,5,42,3,46.7,1,70
L1L,2,12,0,5,42,4,46.0,1,70
L1L,2,12,0,5,42,5,46.6,1,70
L1L,2,12,0,6,48,1,51.0,1,61
L1L,2,12,0,6,48,2,53.9,1,61
L1L,2,12,0,6,48,3,51.2,1,61
L1L,2,12,0,6,48,4,51.8,1,61
L1L,2,12,0,6,48,5,53.6,1,61
L1L,2,12,0,7,54,1,64.7,1,54
L1L,2,12,0,7,54,2,64.3,1,54
L1L,2,12,0,7,54,3,65.3,1,54
L1L,2,12,0,7,54,4,64.5,1,54
L1L,2,12,0,7,54,5,65.4,1,54
L1L,2,12,1,1,18,1,-1.0,-1,180
L1L,2,12,1,1,18,2,-1.0,-1,180
L1L,2,12,1,1,18,3,-1.0,-1,180
L1L,2,12,1,1,18,4,-1.0,-1,180
L1L,2,12,1,1,18,5,-1.0,-1,180
L1L,2,12,1,2,24,1,25.3,0,130
L1L,2,12,1,2,24,2,25.0,0,130
L1L,2,12,1,2,24,3,24.1,0,130
L1L,2,12,1,2,24,4,24.0,0,130
L1L,2,12,1,2,24,5,23.7,0,130
L1L,2,12,1,3,30,1,32.1,0,101
L1L,2,12,1,3,30,2,31.9,0,101
L1L,2,12,1,3,30,3,31.0,0,101
L1L,2,12,1,3,30,4,30.9,0,101
L1L,2,12,1,3,30,5,31.5,0,101
L1L,2,12,1,4,36,1,37.1,0,83
L1L,2,12,1,4,36,2,37.9,0,83
L1L,2,12,1,4,36,3,37.2,0,83
L1L,2,12,1,4,36,4,38.7,0,83
L1L,2,12,1,4,36,5,38.1,0,83
L1L,2,12,1,5,42,1,44.2,0,70
L1L,2,12,1,5,42,2,43.7,0,70
L1L,2,12,1,5,42,3,45.0,0,70
L1L,2,12,1,5,42,4,44.0,0,70
L1L,2,12,1,5,42,5,44.7,0,70
L1L,2,12,1,6,48,1,49.5,1,61
L1L,2,12,1,6,48,2,53.1,1,61
L1L,2,12,1,6,48,3,52.7,1,61
L1L,2,12,1,6,48,4,50.6,1,61
L1L,2,12,1,6,48,5,49.3,1,61
L1L,2,12,1,7,54,1,59.2,1,54
L1L,2,12,1,7,54,2,58.5,1,54
L1L,2,12,1,7,54,3,60.6,1,54
L1L,2,12,1,7,54,4,58.6,1,54
L1L,2,12,1,7,54,5,59.3,1,54
SA2,2,15,0,1,18,1,-1.0,-1,150
SA2,2,15,0,1,18,2,-1.0,-1,150
SA2,2,15,0,1,18,3,-1.0,-1,150
SA2,2,15,0,1,18,4,-1.0,-1,150
SA2,2,15,0,1,18,5,-1.0,-1,150
SA2,2,15,0,2,24,1,23.2,0,107
SA2,2,15,0,2,24,2,24.1,0,107
SA2,2,15,0,2,24,3,24.0,0,107
SA2,2,15,0,2,24,4,23.3,0,107
SA2,2,15,0,2,24,5,23.7,0,107
SA2,2,15,0,3,30,1,30.5,0,83
SA2,2,15,0,3,30,2,30.2,0,83
SA2,2,15,0,3,30,3,30.5,0,83
SA2,2,15,0,3,30,4,30.2,0,83
SA2,2,15,0,3,30,5,30.0,0,83
SA2,2,15,0,4,36,1,37.9,0,68
SA2,2,15,0,4,36,2,36.8,0,68
SA2,2,15,0,4,36,3,36.9,0,68
SA2,2,15,0,4,36,4,36.7,0,68
SA2,2,15,0,4,36,5,36.5,0,68
SA2,2,15,0,5,42,1,44.6,0,57
SA2,2,15,0,5,42,2,44.6,0,57
SA2,2,15,0,5,42,3,43.4,0,57
SA2,2,15,0,5,42,4,44.9,0,57
SA2,2,15,0,5,42,5,45.2,0,57
SA2,2,15,0,6,48,1,51.9,0,50
SA2,2,15,0,6,48,2,51.0,0,50
SA2,2,15,0,6,48,3,50.0,0,50
SA2,2,15,0,6,48,4,50.2,0,50
SA2,2,15,0,6,48,5,48.2,0,50
SA2,2,15,0,7,54,1,58.8,1,44
SA2,2,15,0,7,54,2,57.1,1,44
SA2,2,15,0,7,54,3,55.7,1,44
SA2,2,15,0,7,54,4,57.2,1,44
SA2,2,15,0,7,54,5,55.0,1,44
SA2,2,15,1,1,18,1,-1.0,-1,150
SA2,2,15,1,1,18,2,-1.0,-1,150
SA2,2,15,1,1,18,3,-1.0,-1,150
SA2,2,15,1,1,18,4,-1.0,-1,150
SA2,2,15,1,1,18,5,-1.0,-1,150
SA2,2,15,1,2,24,1,24.3,0,107
SA2,2,15,1,2,24,2,24.4,0,107
SA2,2,15,1,2,24,3,24.9,0,107
SA2,2,15,1,2,24,4,25.5,0,107
SA2,2,15,1,2,24,5,25.3,0,107
SA2,2,15,1,3,30,1,32.6,0,83
SA2,2,15,1,3,30,2,32.4,0,83
SA2,2,15,1,3,30,3,32.4,0,83
SA2,2,15,1,3,30,4,32.5,0,83
SA2,2,15,1,3,30,5,33.0,0,83
SA2,2,15,1,4,36,1,39.9,0,68
SA2,2,15,1,4,36,2,41.1,0,68
SA2,2,15,1,4,36,3,39.5,0,68
SA2,2,15,1,4,36,4,39.3,0,68
SA2,2,15,1,4,36,5,39.7,0,68
SA2,2,15,1,5,42,1,46.6,0,57
SA2,2,15,1,5,42,2,47.4,0,57
SA2,2,15,1,5,42,3,47.3,0,57
SA2,2,15,1,5,42,4,47.0,0,57
SA2,2,15,1,5,42,5,46.4,0,57
SA2,2,15,1,6,48,1,52.6,1,50
SA2,2,15,1,6,48,2,52.8,1,50
SA2,2,15,1,6,48,3,53.0,1,50
SA2,2,15,1,6,48,4,53.0,1,50
SA2,2,15,1,6,48,5,52.8,1,50
SA2,2,15,1,7,54,1,60.5,1,44
SA2,2,15,1,7,54,2,58.8,1,44
SA2,2,15,1,7,54,3,58.5,1,44
SA2,2,15,1,7,54,4,59.2,1,44
SA2,2,15,1,7,54,5,59.0,1,44
SA3,2,18,0,1,18,1,-1.0,-1,131
SA3,2,18,0,1,18,2,-1.0,-1,131
SA3,2,18,0,1,18,3,-1.0,-1,131
SA3,2,18,0,1,18,4,-1.0,-1,131
SA3,2,18,0,1,18,5,-1.0,-1,131
SA3,2,18,0,2,24,1,24.0,0,92
SA3,2,18,0,2,24,2,23.6,0,92
SA3,2,18,0,2,24,3,24.0,0,92
SA3,2,18,0,2,24,4,23.8,0,92
SA3,2,18,0,2,24,5,23.6,0,92
SA3,2,18,0,3,30,1,30.9,0,71
SA3,2,18,0,3,30,2,30.0,0,71
SA3,2,18,0,3,30,3,30.6,0,71
SA3,2,18,0,3,30,4,30.0,0,71
SA3,2,18,0,3,30,5,30.6,0,71
SA3,2,18,0,4,36,1,36.8,0,58
SA3,2,18,0,4,36,2,36.9,0,58
SA3,2,18,0,4,36,3,36.4,0,58
SA3,2,18,0,4,36,4,35.9,0,58
SA3,2,18,0,4,36,5,36.2,0,58
SA3,2,18,0,5,42,1,42.1,0,49
SA3,2,18,0,5,42,2,42.7,0,49
SA3,2,18,0,5,42,3,43.5,0,49
SA3,2,18,0,5,42,4,42.9,0,49
SA3,2,18,0,5,42,5,42.4,0,49
SA3,2,18,0,6,48,1,52.4,1,42
SA3,2,18,0,6,48,2,52.4,1,42
SA3,2,18,0,6,48,3,50.0,1,42
SA3,2,18,0,6,48,4,50.5,1,42
SA3,2,18,0,6,48,5,50.1,1,42
SA3,2,18,0,7,54,1,56.8,1,37
SA3,2,18,0,7,54,2,58.7,1,37
SA3,2,18,0,7,54,3,60.3,1,37
SA3,2,18,0,7,54,4,57.8,1,37
SA3,2,18,0,7,54,5,59.0,1,37
SA3,2,18,1,1,18,1,-1.0,-1,131
SA3,2,18,1,1,18,2,-1.0,-1,131
SA3,2,18,1,1,18,3,-1.0,-1,131
SA3,2,18,1,1,18,4,-1.0,-1,131
SA3,2,18,1,1,18,5,-1.0,-1,131
SA3,2,18,1,2,24,1,23.3,0,92
SA3,2,18,1,2,24,2,23.4,0,92
SA3,2,18,1,2,24,3,23.2,0,92
SA3,2,18,1,2,24,4,23.6,0,92
SA3,2,18,1,2,24,5,23.4,0,92
SA3,2,18,1,3,30,1,30.7,0,71
SA3,2,18,1,3,30,2,29.7,0,71
SA3,2,18,1,3,30,3,30.0,0,71
SA3,2,18,1,3,30,4,30.1,0,71
SA3,2,18,1,3,30,5,29.4,0,71
SA3,2,18,1,4,36,1,35.7,0,58
SA3,2,18,1,4,36,2,35.5,0,58
SA3,2,18,1,4,36,3,35.1,0,58
SA3,2,18,1,4,36,4,35.4,0,58
SA3,2,18,1,4,36,5,35.4,0,58
SA3,2,18,1,5,42,1,41.6,0,49
SA3,2,18,1,5,42,2,42.0,0,49
SA3,2,18,1,5,42,3,41.5,0,49
SA3,2,18,1,5,42,4,41.6,0,49
SA3,2,18,1,5,42,5,41.6,0,49
SA3,2,18,1,6,48,1,47.5,1,42
SA3,2,18,1,6,48,2,47.7,1,42
SA3,2,18,1,6,48,3,48.4,1,42
SA3,2,18,1,6,48,4,48.1,1,42
SA3,2,18,1,6,48,5,47.6,1,42
SA3,2,18,1,7,54,1,52.6,1,37
SA3,2,18,1,7,54,2,53.3,1,37
SA3,2,18,1,7,54,3,53.7,1,37
SA3,2,18,1,7,54,4,53.3,1,37
SA3,2,18,1,7,54,5,54.0,1,37
SD1,3,5,0,1,18,1,-1.0,-1,591
SD1,3,5,0,1,18,2,-1.0,-1,591
SD1,3,5,0,1,18,3,-1.0,-1,591
SD1,3,5,0,1,18,4,-1.0,-1,591
SD1,3,5,0,1,18,5,-1.0,-1,591
SD1,3,5,0,2,24,1,27.4,0,436
SD1,3,5,0,2,24,2,25.6,0,436
SD1,3,5,0,2,24,3,25.1,0,436
SD1,3,5,0,2,24,4,25.4,0,436
SD1,3,5,0,2,24,5,25.2,0,436
SD1,3,5,0,3,30,1,34.1,0,346
SD1,3,5,0,3,30,2,32.7,0,346
SD1,3,5,0,3,30,3,33.6,0,346
SD1,3,5,0,3,30,4,33.5,0,346
SD1,3,5,0,3,30,5,33.0,0,346
SD1,3,5,0,4,36,1,39.4,1,286
SD1,3,5,0,4,36,2,40.0,1,286
SD1,3,5,0,4,36,3,41.3,1,286
SD1,3,5,0,4,36,4,41.3,1,286
SD1,3,5,0,4,36,5,40.0,1,286
SD1,3,5,0,5,42,1,48.2,1,244
SD1,3,5,0,5,42,2,49.0,1,244
SD1,3,5,0,5,42,3,50.0,1,244
SD1,3,5,0,5,42,4,47.7,1,244
SD1,3,5,0,5,42,5,48.3,1,244
SD1,3,5,0,6,48,1,53.6,1,213
SD1,3,5,0,6,48,2,53.6,1,213
SD1,3,5,0,6,48,3,53.0,1,213
SD1,3,5,0,6,48,4,53.6,1,213
SD1,3,5,0,6,48,5,53.8,1,213
SD1,3,5,0,7,54,1,59.4,1,189
SD1,3,5,0,7,54,2,58.2,1,189
SD1,3,5,0,7,54,3,59.6,1,189
SD1,3,5,0,7,54,4,60.3,1,189
SD1,3,5,0,7,54,5,60.8,1,189
SD1,3,5,1,1,18,1,-1.0,-1,591
SD1,3,5,1,1,18,2,-1.0,-1,591
SD1,3,5,1,1,18,3,-1.0,-1,591
SD1,3,5,1,1,18,4,-1.0,-1,591
SD1,3,5,1,1,18,5,-1.0,-1,591
SD1,3,5,1,2,24,1,26.6,0,436
SD1,3,5,1,2,24,2,26.0,0,436
SD1,3,5,1,2,24,3,25.6,0,436
SD1,3,5,1,2,24,4,25.4,0,436
SD1,3,5,1,2,24,5,25.6,0,436
SD1,3,5,1,3,30,1,34.5,0,346
SD1,3,5,1,3,30,2,34.2,0,346
SD1,3,5,1,3,30,3,33.7,0,346
SD1,3,5,1,3,30,4,33.6,0,346
SD1,3,5,1,3,30,5,33.0,0,346
SD1,3,5,1,4,36,1,40.8,1,286
SD1,3,5,1,4,36,2,43.2,1,286
SD1,3,5,1,4,36,3,42.8,1,286
SD1,3,5,1,4,36,4,41.4,1,286
SD1,3,5,1,4,36,5,41.3,1,286
SD1,3,5,1,5,42,1,47.0,1,244
SD1,3,5,1,5,42,2,47.1,1,244
SD1,3,5,1,5,42,3,46.2,1,244
SD1,3,5,1,5,42,4,46.0,1,244
SD1,3,5,1,5,42,5,47.3,1,244
SD1,3,5,1,6,48,1,54.9,1,213
SD1,3,5,1,6,48,2,53.7,1,213
SD1,3,5,1,6,48,3,53.3,1,213
SD1,3,5,1,6,48,4,53.7,1,213
SD1,3,5,1,6,48,5,53.3,1,213
SD1,3,5,1,7,54,1,58.5,1,189
SD1,3,5,1,7,54,2,56.5,1,189
SD1,3,5,1,7,54,3,57.4,1,189
SD1,3,5,1,7,54,4,58.2,1,189
SD1,3,5,1,7,54,5,57.7,1,189
SC,3,8,0,1,18,1,-1.0,-1,384
SC,3,8,0,1,18,2,-1.0,-1,384
SC,3,8,0,1,18,3,-1.0,-1,384
SC,3,8,0,1,18,4,-1.0,-1,384
SC,3,8,0,1,18,5,-1.0,-1,384
SC,3,8,0,2,24,1,26.1,0,280
SC,3,8,0,2,24,2,26.2,0,280
SC,3,8,0,2,24,3,26.3,0,280
SC,3,8,0,2,24,4,27.4,0,280
SC,3,8,0,2,24,5,26.6,0,280
SC,3,8,0,3,30,1,35.5,0,221
SC,3,8,0,3,30,2,33.6,0,221
SC,3,8,0,3,30,3,33.8,0,221
SC,3,8,0,3,30,4,34.3,0,221
SC,3,8,0,3,30,5,34.2,0,221
SC,3,8,0,4,36,1,42.1,0,182
SC,3,8,0,4,36,2,42.1,0,182
SC,3,8,0,4,36,3,42.6,0,182
SC,3,8,0,4,36,4,42.3,0,182
SC,3,8,0,4,36,5,41.9,0,182
SC,3,8,0,5,42,1,50.9,0,155
SC,3,8,0,5,42,2,50.0,0,155
SC,3,8,0,5,42,3,49.8,0,155
SC,3,8,0,5,42,4,49.5,0,155
SC,3,8,0,5,42,5,49.4,0,155
SC,3,8,0,6,48,1,55.1,1,135
SC,3,8,0,6,48,2,54.3,1,135
SC,3,8,0,6,48,3,56.8,1,135
SC,3,8,0,6,48,4,57.5,1,135
SC,3,8,0,6,48,5,58.0,1,135
SC,3,8,0,7,54,1,67.4,1,120
SC,3,8,0,7,54,2,66.8,1,120
SC,3,8,0,7,54,3,64.8,1,120
SC,3,8,0,7,54,4,66.4,1,120
SC,3,8,0,7,54,5,63.8,1,120
SC,3,8,1,1,18,1,-1.0,-1,384
SC,3,8,1,1,18,2,-1.0,-1,384
SC,3,8,1,1,18,3,-1.0,-1,384
SC,3,8,1,1,18,4,-1.0,-1,384
SC,3,8,1,1,18,5,-1.0,-1,384
SC,3,8,1,2,24,1,23.6,0,280
SC,3,8,1,2,24,2,24.7,0,280
SC,3,8,1,2,24,3,25.1,0,280
SC,3,8,1,2,24,4,26.1,0,280
SC,3,8,1,2,24,5,26.3,0,280
SC,3,8,1,3,30,1,32.8,0,221
SC,3,8,1,3,30,2,32.1,0,221
SC,3,8,1,3,30,3,32.0,0,221
SC,3,8,1,3,30,4,32.3,0,221
SC,3,8,1,3,30,5,32.2,0,221
SC,3,8,1,4,36,1,41.5,0,182
SC,3,8,1,4,36,2,40.5,0,182
SC,3,8,1,4,36,3,40.8,0,182
SC,3,8,1,4,36,4,41.0,0,182
SC,3,8,1,4,36,5,40.9,0,182
SC,3,8,1,5,42,1,48.0,0,155
SC,3,8,1,5,42,2,46.9,0,155
SC,3,8,1,5,42,3,47.2,0,155
SC,3,8,1,5,42,4,47.2,0,155
SC,3,8,1,5,42,5,47.2,0,155
SC,3,8,1,6,48,1,55.0,1,135
SC,3,8,1,6,48,2,56.1,1,135
SC,3,8,1,6,48,3,57.2,1,135
SC,3,8,1,6,48,4,55.2,1,135
SC,3,8,1,6,48,5,55.8,1,135
SC,3,8,1,7,54,1,59.5,1,120
SC,3,8,1,7,54,2,62.0,1,120
SC,3,8,1,7,54,3,60.4,1,120
SC,3,8,1,7,54,4,60.5,1,120
SC,3,8,1,7,54,5,62.9,1,120
L2R,3,10,0,1,18,1,17.8,-1,315
L2R,3,10,0,1,18,2,17.9,-1,315
L2R,3,10,0,1,18,3,18.1,-1,315
L2R,3,10,0,1,18,4,18.6,-1,315
L2R,3,10,0,1,18,5,18.9,-1,315
L2R,3,10,0,2,24,1,26.5,0,229
L2R,3,10,0,2,24,2,27.1,0,229
L2R,3,10,0,2,24,3,27.3,0,229
L2R,3,10,0,2,24,4,27.7,0,229
L2R,3,10,0,2,24,5,27.5,0,229
L2R,3,10,0,3,30,1,33.0,0,180
L2R,3,10,0,3,30,2,33.5,0,180
L2R,3,10,0,3,30,3,33.3,0,180
L2R,3,10,0,3,30,4,33.7,0,180
L2R,3,10,0,3,30,5,33.5,0,180
L2R,3,10,0,4,36,1,41.3,0,148
L2R,3,10,0,4,36,2,40.7,0,148
L2R,3,10,0,4,36,3,40.7,0,148
L2R,3,10,0,4,36,4,41.5,0,148
L2R,3,10,0,4,36,5,41.1,0,148
L2R,3,10,0,5,42,1,47.2,0,125
L2R,3,10,0,5,42,2,47.6,0,125
L2R,3,10,0,5,42,3,46.9,0,125
L2R,3,10,0,5,42,4,47.5,0,125
L2R,3,10,0,5,42,5,46.8,0,125
L2R,3,10,0,6,48,1,56.6,1,109
L2R,3,10,0,6,48,2,55.3,1,109
L2R,3,10,0,6,48,3,55.2,1,109
L2R,3,10,0,6,48,4,55.0,1,109
L2R,3,10,0,6,48,5,56.1,1,109
L2R,3,10,0,7,54,1,61.6,1,96
L2R,3,10,0,7,54,2,60.9,1,96
L2R,3,10,0,7,54,3,60.9,1,96
L2R,3,10,0,7,54,4,61.2,1,96
L2R,3,10,0,7,54,5,60.2,1,96
L2R,3,10,1,1,18,1,17.1,-1,315
L2R,3,10,1,1,18,2,17.4,-1,315
L2R,3,10,1,1,18,3,18.6,-1,315
L2R,3,10,1,1,18,4,18.9,-1,315
L2R,3,10,1,1,18,5,19.2,-1,315
L2R,3,10,1,2,24,1,26.4,0,229
L2R,3,10,1,2,24,2,26.9,0,229
L2R,3,10,1,2,24,3,26.8,0,229
L2R,3,10,1,2,24,4,27.0,0,229
L2R,3,10,1,2,24,5,26.8,0,229
L2R,3,10,1,3,30,1,34.0,0,180
L2R,3,10,1,3,30,2,33.6,0,180
L2R,3,10,1,3,30,3,33.7,0,180
L2R,3,10,1,3,30,4,33.8,0,180
L2R,3,10,1,3,30,5,33.7,0,180
L2R,3,10,1,4,36,1,41.9,0,148
L2R,3,10,1,4,36,2,41.5,0,148
L2R,3,10,1,4,36,3,41.2,0,148
L2R,3,10,1,4,36,4,41.7,0,148
L2R,3,10,1,4,36,5,41.6,0,148
L2R,3,10,1,5,42,1,47.9,0,125
L2R,3,10,1,5,42,2,48.3,0,125
L2R,3,10,1,5,42,3,48.4,0,125
L2R,3,10,1,5,42,4,48.1,0,125
L2R,3,10,1,5,42,5,48.0,0,125
L2R,3,10,1,6,48,1,55.6,0,109
L2R,3,10,1,6,48,2,54.5,0,109
L2R,3,10,1,6,48,3,55.5,0,109
L2R,3,10,1,6,48,4,55.2,0,109
L2R,3,10,1,6,48,5,55.6,0,109
L2R,3,10,1,7,54,1,62.6,1,96
L2R,3,10,1,7,54,2,62.3,1,96
L2R,3,10,1,7,54,3,64.4,1,96
L2R,3,10,1,7,54,4,63.1,1,96
L2R,3,10,1,7,54,5,63.7,1,96
L1R,3,12,0,1,18,1,16.8,-1,270
L1R,3,12,0,1,18,2,17.6,-1,270
L1R,3,12,0,1,18,3,18.7,-1,270
L1R,3,12,0,1,18,4,19.4,-1,270
L1R,3,12,0,1,18,5,19.5,-1,270
L1R,3,12,0,2,24,1,27.0,0,194
L1R,3,12,0,2,24,2,27.5,0,194
L1R,3,12,0,2,24,3,27.2,0,194
L1R,3,12,0,2,24,4,27.0,0,194
L1R,3,12,0,2,24,5,27.3,0,194
L1R,3,12,0,3,30,1,34.3,0,152
L1R,3,12,0,3,30,2,34.8,0,152
L1R,3,12,0,3,30,3,34.0,0,152
L1R,3,12,0,3,30,4,34.7,0,152
L1R,3,12,0,3,30,5,34.7,0,152
L1R,3,12,0,4,36,1,41.5,0,125
L1R,3,12,0,4,36,2,41.5,0,125
L1R,3,12,0,4,36,3,41.3,0,125
L1R,3,12,0,4,36,4,41.4,0,125
L1R,3,12,0,4,36,5,41.7,0,125
L1R,3,12,0,5,42,1,48.7,0,106
L1R,3,12,0,5,42,2,48.2,0,106
L1R,3,12,0,5,42,3,48.4,0,106
L1R,3,12,0,5,42,4,48.8,0,106
L1R,3,12,0,5,42,5,48.6,0,106
L1R,3,12,0,6,48,1,54.9,0,92
L1R,3,12,0,6,48,2,54.5,0,92
L1R,3,12,0,6,48,3,54.7,0,92
L1R,3,12,0,6,48,4,54.5,0,92
L1R,3,12,0,6,48,5,55.0,0,92
L1R,3,12,0,7,54,1,63.2,1,81
L1R,3,12,0,7,54,2,63.1,1,81
L1R,3,12,0,7,54,3,61.0,1,81
L1R,3,12,0,7,54,4,61.7,1,81
L1R,3,12,0,7,54,5,61.3,1,81
L1R,3,12,1,1,18,1,19.0,-1,270
L1R,3,12,1,1,18,2,18.0,-1,270
L1R,3,12,1,1,18,3,18.7,-1,270
L1R,3,12,1,1,18,4,19.2,-1,270
L1R,3,12,1,1,18,5,19.3,-1,270
L1R,3,12,1,2,24,1,26.9,0,194
L1R,3,12,1,2,24,2,26.5,0,194
L1R,3,12,1,2,24,3,26.8,0,194
L1R,3,12,1,2,24,4,27.0,0,194
L1R,3,12,1,2,24,5,26.8,0,194
L1R,3,12,1,3,30,1,34.2,0,152
L1R,3,12,1,3,30,2,34.0,0,152
L1R,3,12,1,3,30,3,33.6,0,152
L1R,3,12,1,3,30,4,33.5,0,152
L1R,3,12,1,3,30,5,33.3,0,152
L1R,3,12,1,4,36,1,41.9,0,125
L1R,3,12,1,4,36,2,41.5,0,125
L1R,3,12,1,4,36,3,40.8,0,125
L1R,3,12,1,4,36,4,41.2,0,125
L1R,3,12,1,4,36,5,40.0,0,125
L1R,3,12,1,5,42,1,48.5,0,106
L1R,3,12,1,5,42,2,48.1,0,106
L1R,3,12,1,5,42,3,49.1,0,106
L1R,3,12,1,5,42,4,48.5,0,106
L1R,3,12,1,5,42,5,48.0,0,106
L1R,3,12,1,6,48,1,55.8,1,92
L1R,3,12,1,6,48,2,55.9,1,92
L1R,3,12,1,6,48,3,56.2,1,92
L1R,3,12,1,6,48,4,56.4,1,92
L1R,3,12,1,6,48,5,55.9,1,92
L1R,3,12,1,7,54,1,62.6,1,81
L1R,3,12,1,7,54,2,61.9,1,81
L1R,3,12,1,7,54,3,61.9,1,81
L1R,3,12,1,7,54,4,62.0,1,81
L1R,3,12,1,7,54,5,61.7,1,81
SD2,3,15,0,1,18,1,-1.0,-1,226
SD2,3,15,0,1,18,2,-1.0,-1,226
SD2,3,15,0,1,18,3,-1.0,-1,226
SD2,3,15,0,1,18,4,-1.0,-1,226
SD2,3,15,0,1,18,5,-1.0,-1,226
SD2,3,15,0,2,24,1,25.6,0,160
SD2,3,15,0,2,24,2,25.1,0,160
SD2,3,15,0,2,24,3,25.3,0,160
SD2,3,15,0,2,24,4,25.5,0,160
SD2,3,15,0,2,24,5,26.0,0,160
SD2,3,15,0,3,30,1,32.2,0,124
SD2,3,15,0,3,30,2,32.2,0,124
SD2,3,15,0,3,30,3,32.5,0,124
SD2,3,15,0,3,30,4,32.1,0,124
SD2,3,15,0,3,30,5,32.3,0,124
SD2,3,15,0,4,36,1,40.5,0,102
SD2,3,15,0,4,36,2,39.7,0,102
SD2,3,15,0,4,36,3,39.3,0,102
SD2,3,15,0,4,36,4,40.3,0,102
SD2,3,15,0,4,36,5,40.3,0,102
SD2,3,15,0,5,42,1,47.6,0,86
SD2,3,15,0,5,42,2,47.2,0,86
SD2,3,15,0,5,42,3,47.3,0,86
SD2,3,15,0,5,42,4,46.0,0,86
SD2,3,15,0,5,42,5,46.5,0,86
SD2,3,15,0,6,48,1,55.9,1,74
SD2,3,15,0,6,48,2,55.5,1,74
SD2,3,15,0,6,48,3,52.6,1,74
SD2,3,15,0,6,48,4,53.1,1,74
SD2,3,15,0,6,48,5,53.1,1,74
SD2,3,15,0,7,54,1,61.4,1,66
SD2,3,15,0,7,54,2,61.7,1,66
SD2,3,15,0,7,54,3,62.1,1,66
SD2,3,15,0,7,54,4,62.9,1,66
SD2,3,15,0,7,54,5,61.9,1,66
SD2,3,15,1,1,18,1,-1.0,-1,226
SD2,3,15,1,1,18,2,-1.0,-1,226
SD2,3,15,1,1,18,3,-1.0,-1,226
SD2,3,15,1,1,18,4,-1.0,-1,226
SD2,3,15,1,1,18,5,-1.0,-1,226
SD2,3,15,1,2,24,1,25.0,0,160
SD2,3,15,1,2,24,2,24.4,0,160
SD2,3,15,1,2,24,3,25.2,0,160
SD2,3,15,1,2,24,4,25.5,0,160
SD2,3,15,1,2,24,5,25.4,0,160
SD2,3,15,1,3,30,1,33.0,0,124
SD2,3,15,1,3,30,2,32.0,0,124
SD2,3,15,1,3,30,3,32.2,0,124
SD2,3,15,1,3,30,4,33.3,0,124
SD2,3,15,1,3,30,5,33.4,0,124
SD2,3,15,1,4,36,1,40.3,0,102
SD2,3,15,1,4,36,2,40.3,0,102
SD2,3,15,1,4,36,3,39.3,0,102
SD2,3,15,1,4,36,4,39.9,0,102
SD2,3,15,1,4,36,5,39.9,0,102
SD2,3,15,1,5,42,1,46.3,0,86
SD2,3,15,1,5,42,2,46.3,0,86
SD2,3,15,1,5,42,3,46.5,0,86
SD2,3,15,1,5,42,4,46.0,0,86
SD2,3,15,1,5,42,5,46.8,0,86
SD2,3,15,1,6,48,1,54.3,1,74
SD2,3,15,1,6,48,2,55.0,1,74
SD2,3,15,1,6,48,3,54.2,1,74
SD2,3,15,1,6,48,4,54.7,1,74
SD2,3,15,1,6,48,5,53.0,1,74
SD2,3,15,1,7,54,1,62.2,1,66
SD2,3,15,1,7,54,2,61.7,1,66
SD2,3,15,1,7,54,3,60.0,1,66
SD2,3,15,1,7,54,4,61.0,1,66
SD2,3,15,1,7,54,5,62.0,1,66
SD3,3,18,0,1,18,1,19.0,-1,196
SD3,3,18,0,1,18,2,20.2,-1,196
SD3,3,18,0,1,18,3,20.6,-1,196
SD3,3,18,0,1,18,4,20.6,-1,196
SD3,3,18,0,1,18,5,20.8,-1,196
SD3,3,18,0,2,24,1,24.8,0,138
SD3,3,18,0,2,24,2,24.5,0,138
SD3,3,18,0,2,24,3,24.7,0,138
SD3,3,18,0,2,24,4,25.1,0,138
SD3,3,18,0,2,24,5,25.1,0,138
SD3,3,18,0,3,30,1,32.1,0,106
SD3,3,18,0,3,30,2,31.8,0,106
SD3,3,18,0,3,30,3,32.1,0,106
SD3,3,18,0,3,30,4,31.9,0,106
SD3,3,18,0,3,30,5,32.1,0,106
SD3,3,18,0,4,36,1,38.6,0,86
SD3,3,18,0,4,36,2,39.0,0,86
SD3,3,18,0,4,36,3,39.1,0,86
SD3,3,18,0,4,36,4,39.8,0,86
SD3,3,18,0,4,36,5,39.5,0,86
SD3,3,18,0,5,42,1,48.0,0,73
SD3,3,18,0,5,42,2,48.7,0,73
SD3,3,18,0,5,42,3,48.7,0,73
SD3,3,18,0,5,42,4,49.4,0,73
SD3,3,18,0,5,42,5,49.3,0,73
SD3*,3,18,0,6,48,1,53.4,0,63
SD3*,3,18,0,6,48,2,54.2,0,63
SD3*,3,18,0,6,48,3,53.9,0,63
SD3*,3,18,0,6,48,4,54.8,0,63
SD3*,3,18,0,6,48,5,54.4,0,63
SD3,3,18,0,7,54,1,62.2,1,55
SD3,3,18,0,7,54,2,63.3,1,55
SD3,3,18,0,7,54,3,60.4,1,55
SD3,3,18,0,7,54,4,60.0,1,55
SD3,3,18,0,7,54,5,61.8,1,55
SD3,3,18,1,1,18,1,18.2,-1,196
SD3,3,18,1,1,18,2,18.1,-1,196
SD3,3,18,1,1,18,3,20.2,-1,196
SD3,3,18,1,1,18,4,20.4,-1,196
SD3,3,18,1,1,18,5,20.1,-1,196
SD3,3,18,1,2,24,1,25.8,0,138
SD3,3,18,1,2,24,2,25.6,0,138
SD3,3,18,1,2,24,3,25.5,0,138
SD3,3,18,1,2,24,4,26.0,0,138
SD3,3,18,1,2,24,5,25.7,0,138
SD3,3,18,1,3,30,1,32.8,0,106
SD3,3,18,1,3,30,2,32.8,0,106
SD3,3,18,1,3,30,3,32.3,0,106
SD3,3,18,1,3,30,4,33.2,0,106
SD3,3,18,1,3,30,5,32.7,0,106
SD3,3,18,1,4,36,1,40.8,0,86
SD3,3,18,1,4,36,2,40.6,0,86
SD3,3,18,1,4,36,3,40.2,0,86
SD3,3,18,1,4,36,4,40.4,0,86
SD3,3,18,1,4,36,5,40.5,0,86
SD3,3,18,1,5,42,1,47.5,0,73
SD3,3,18,1,5,42,2,47.3,0,73
SD3,3,18,1,5,42,3,46.7,0,73
SD3,3,18,1,5,42,4,46.5,0,73
SD3,3,18,1,5,42,5,47.1,0,73
SD3,3,18,1,6,48,1,53.3,1,63
SD3,3,18,1,6,48,2,53.0,1,63
SD3,3,18,1,6,48,3,54.3,1,63
SD3,3,18,1,6,48,4,54.3,1,63
SD3,3,18,1,6,48,5,54.4,1,63
SD3,3,18,1,7,54,1,62.2,1,55
SD3,3,18,1,7,54,2,62.8,1,55
SD3,3,18,1,7,54,3,62.2,1,55
SD3,3,18,1,7,54,4,61.6,1,55
SD3,3,18,1,7,54,5,62.6,1,55
